,T-Bills,Stocks,Bonds,Gold
2/5/1978,100.507,89.62,118.83,175.25
2/12/1978,100.507,90.08,118.83,174.6
2/19/1978,100.507,87.96,118.83,179.45
2/26/1978,100.507,88.49,118.83,180.75
3/5/1978,101.03,87.45,119.29,183.45
3/12/1978,101.03,88.88,119.29,185.9
3/19/1978,101.03,90.2,119.29,183.2
3/26/1978,101.03,89.36,119.29,179.3
4/2/1978,101.626,89.21,119.67,181.6
4/9/1978,101.626,90.17,119.67,179.1
4/16/1978,101.626,92.92,119.67,178.5
4/23/1978,101.626,94.34,119.67,170.9
4/30/1978,102.191,96.83,119.84,170.85
5/7/1978,102.191,96.53,119.84,172.8
5/14/1978,102.191,98.07,119.84,174.7
5/21/1978,102.191,98.12,119.84,178.8
5/28/1978,102.191,96.58,119.84,179.45
6/4/1978,102.716,98.14,119.3,184.75
6/11/1978,102.716,99.93,119.3,181.3
6/18/1978,102.716,97.42,119.3,184.6
6/25/1978,102.716,95.85,119.3,185.55
7/2/1978,103.316,95.53,119.27,183.05
7/9/1978,103.316,94.89,119.27,183.95
7/16/1978,103.316,97.58,119.27,186
7/23/1978,103.316,97.75,119.27,191.75
7/30/1978,103.316,100,119.27,201.3
8/6/1978,103.972,103.92,120.63,201.55
8/13/1978,103.972,103.96,120.63,211.15
8/20/1978,103.972,104.73,120.63,211.75
8/27/1978,103.972,104.9,120.63,198
9/3/1978,104.453,103.68,122.54,208
9/10/1978,104.453,106.79,122.54,205.9
9/17/1978,104.453,104.12,122.54,212.15
9/24/1978,104.453,101.84,122.54,214.35
10/1/1978,105.063,102.54,122.49,217.1
10/8/1978,105.063,103.52,122.49,223.1
10/15/1978,105.063,104.66,122.49,224.5
10/22/1978,105.063,97.95,122.49,227.95
10/29/1978,105.063,94.59,122.49,234.5
11/5/1978,105.66,96.18,120.76,215.2
11/12/1978,105.66,94.77,120.76,206.25
11/19/1978,105.66,94.42,120.76,197.95
11/26/1978,105.66,95.79,120.76,202.7
12/3/1978,106.374,96.28,121.94,194.65
12/10/1978,106.374,96.63,121.94,202
12/17/1978,106.374,95.33,121.94,205.6
12/24/1978,106.374,96.31,121.94,215.1
12/31/1978,107.211,96.11,120.77,226
1/7/1979,107.211,99.13,120.77,225.5
1/14/1979,107.211,99.93,120.77,217.6
1/21/1979,107.211,99.75,120.77,230.55
1/28/1979,107.211,101.86,120.77,235.45
2/4/1979,108.059,99.5,123.03,230.3
2/11/1979,108.059,97.87,123.03,246.75
2/18/1979,108.059,98.67,123.03,247.05
2/25/1979,108.059,97.78,123.03,251
3/4/1979,108.83,96.97,122.51,248
3/11/1979,108.83,99.54,122.51,241
3/18/1979,108.83,100.69,122.51,244
3/25/1979,108.83,101.6,122.51,242.5
4/1/1979,109.75,101.59,123.77,240.1
4/8/1979,109.75,103.18,123.77,239.75
4/15/1979,109.75,102,123.77,233.95
4/22/1979,109.75,101.23,123.77,236.4
4/29/1979,109.75,101.8,123.77,243.7
5/6/1979,110.581,100.69,123.57,248.45
5/13/1979,110.581,98.52,123.57,251.5
5/20/1979,110.581,99.93,123.57,256.4
5/27/1979,110.581,100.22,123.57,270.5
6/3/1979,111.504,99.17,125.88,275.1
6/10/1979,111.504,101.49,125.88,280
6/17/1979,111.504,102.09,125.88,280
6/24/1979,111.504,102.64,125.88,283.45
7/1/1979,112.554,102.91,128.62,277.5
7/8/1979,112.554,103.62,128.62,290.25
7/15/1979,112.554,102.32,128.62,287.45
7/22/1979,112.554,101.82,128.62,298.75
7/29/1979,112.554,103.1,128.62,305.8
8/5/1979,113.384,104.04,128.68,286.5
8/12/1979,113.384,106.4,128.68,303.75
8/19/1979,113.384,108.3,128.68,300.55
8/26/1979,113.384,108.6,128.68,314.75
9/2/1979,114.214,109.32,128.35,315.1
9/9/1979,114.214,107.66,128.35,329.15
9/16/1979,114.214,108.76,128.35,345.8
9/23/1979,114.214,110.47,128.35,369
9/30/1979,115.014,109.32,127.01,397.25
10/7/1979,115.014,111.27,127.01,385
10/14/1979,115.014,104.49,127.01,395
10/21/1979,115.014,101.6,127.01,393
10/28/1979,115.014,100.57,127.01,375
11/4/1979,115.752,102.51,119.29,372.8
11/11/1979,115.752,101.51,119.29,389.5
11/18/1979,115.752,103.79,119.29,390.35
11/25/1979,115.752,104.67,119.29,392
12/2/1979,117.18,106.16,122.77,415.65
12/9/1979,117.18,107.52,122.77,430.4
12/16/1979,117.18,108.92,122.77,456.8
12/23/1979,117.18,107.59,122.77,473.1
12/30/1979,117.18,107.84,122.77,512
1/6/1980,118.323,106.52,123.1,588
1/13/1980,118.323,109.92,123.1,623
1/20/1980,118.323,111.07,123.1,835
1/27/1980,118.323,113.61,123.1,668
2/3/1980,119.582,115.12,119.35,676.5
2/10/1980,119.582,117.95,119.35,692
2/17/1980,119.582,115.41,119.35,667
2/24/1980,119.582,115.04,119.35,630
3/2/1980,120.554,114.15,112.29,637
3/9/1980,120.554,107.3609,112.29,609
3/16/1980,120.554,105.8845,112.29,523
3/23/1980,120.554,102.7511,112.29,525
3/30/1980,120.554,101.114,112.29,490
4/6/1980,121.751,103.1129,112.38,485.75
4/13/1980,121.751,104.7684,112.38,530.5
4/20/1980,121.751,101.4978,112.38,515.6
4/27/1980,121.751,106.1513,112.38,551.5
5/4/1980,124.002,107.0967,125.12,512.5
5/11/1980,124.002,106.2243,125.12,508.25
5/18/1980,124.002,108.8921,125.12,516.5
5/25/1980,124.002,112.2091,125.12,511.25
6/1/1980,125.686,113.3654,131.02,535.5
6/8/1980,125.686,115.3629,131.02,597
6/15/1980,125.686,118.0228,131.02,608.4
6/22/1980,125.686,116.2393,131.02,602.9
6/29/1980,125.686,118.2164,131.02,637.5
7/6/1980,126.453,120.2491,133.49,666.5
7/13/1980,126.453,120.6382,133.49,667
7/20/1980,126.453,124.9379,133.49,606
7/27/1980,126.453,123.648,133.49,651.75
8/3/1980,127.239,124.6185,130.73,622
8/10/1980,127.239,127.086,130.73,630
8/17/1980,127.239,129.2554,130.73,624.5
8/24/1980,127.239,129.5638,130.73,639.2
8/31/1980,127.948,126.3561,126.05,631.25
9/7/1980,127.948,128.9373,126.05,651
9/14/1980,127.948,129.6187,126.05,685.5
9/21/1980,127.948,133.4493,126.05,674
9/28/1980,127.948,130.455,126.05,698.75
10/5/1980,128.787,134.0853,124.73,660.5
10/12/1980,128.787,135.0806,124.73,685.25
10/19/1980,128.787,136.3558,124.73,670.5
10/26/1980,128.787,134.6244,124.73,633
11/2/1980,130.062,132.7064,123.3,629
11/9/1980,130.062,134.4867,123.3,596
11/16/1980,130.062,142.7841,123.3,612.5
11/23/1980,130.062,144.8246,123.3,634.75
11/30/1980,131.006,146.8443,123.07,619.75
12/7/1980,131.006,140.0622,123.07,631.5
12/14/1980,131.006,135.0461,123.07,562.75
12/21/1980,131.006,139.7173,123.07,575
12/28/1980,131.006,142.7165,123.07,602.5
1/4/1981,132.851,143.0219,126.43,589.75
1/11/1981,132.851,140.0217,126.43,577.75
1/18/1981,132.851,141.3749,126.43,560.75
1/25/1981,132.851,136.6124,126.43,553
2/1/1981,134.504,136.4551,126.49,506.5
2/8/1981,134.504,137.561,126.49,500.5
2/15/1981,134.504,133.7481,126.49,491.5
2/22/1981,134.504,133.3268,126.49,511.5
3/1/1981,136.13,138.825,124.09,489
3/8/1981,136.13,137.3233,124.09,467
3/15/1981,136.13,140.7709,124.09,492
3/22/1981,136.13,141.7967,124.09,516.75
3/29/1981,136.13,142.3995,124.09,538.75
4/5/1981,138.164,143.8357,127.04,523
4/12/1981,138.164,142.7954,127.04,493.5
4/19/1981,138.164,142.9971,127.04,482.5
4/26/1981,138.164,143.4642,127.04,494.5
5/3/1981,139.245,141.4892,122.51,487.5
5/10/1981,139.245,140.3592,122.51,485.75
5/17/1981,139.245,140.9029,122.51,485
5/24/1981,139.245,140.0074,122.51,472.75
5/31/1981,140.894,141.9476,126.91,479.25
6/7/1981,140.894,141.5515,126.91,460
6/14/1981,140.894,142.9111,126.91,472
6/21/1981,140.894,141.605,126.91,458.25
6/28/1981,140.894,141.9155,126.91,442
7/5/1981,142.928,138.2961,126.62,414
7/12/1981,142.928,139.0809,126.62,416.5
7/19/1981,142.928,140.5753,126.62,415
7/26/1981,142.928,138.1026,126.62,407.5
8/2/1981,144.714,141.3493,124.18,406
8/9/1981,144.714,142.2454,124.18,397.25
8/16/1981,144.714,143.0444,124.18,413
8/23/1981,144.714,139.5247,124.18,429.5
8/30/1981,144.714,133.9644,124.18,425.5
9/6/1981,146.386,130.2368,121.56,439.5
9/13/1981,146.386,131.9071,121.56,446.25
9/20/1981,146.386,126.1041,121.56,447
9/27/1981,146.386,122.3186,121.56,450.5
10/4/1981,148.741,130.0907,121.48,435
10/11/1981,148.741,132.3686,121.48,453.5
10/18/1981,148.741,129.9054,121.48,443.75
10/25/1981,148.741,129.2624,121.48,432.5
11/1/1981,151.074,133.4585,128.59,427
11/8/1981,151.074,134.3125,128.59,428.25
11/15/1981,151.074,133.2176,128.59,412.5
11/22/1981,151.074,133.2614,128.59,401.5
11/29/1981,151.074,136.9622,128.59,411.5
12/6/1981,153.338,138.8669,139.55,426
12/13/1981,153.338,137.4041,139.55,409.75
12/20/1981,153.338,136.3812,139.55,415.75
12/27/1981,153.338,134.7754,139.55,400.4
1/3/1982,154.715,135.4024,134.33,397.5
1/10/1982,154.715,132.0877,134.33,400.25
1/17/1982,154.715,128.53,134.33,379.25
1/24/1982,154.715,127.4804,134.33,377.25
1/31/1982,155.992,133.6346,135.18,387
2/7/1982,155.992,130.1494,135.18,384.25
2/14/1982,155.992,126.9528,135.18,377.5
2/21/1982,155.992,125.6653,135.18,369.25
2/28/1982,157.672,126.1648,137.82,362.6
3/7/1982,157.672,121.9597,137.82,342.4
3/14/1982,157.672,121.1454,137.82,323.25
3/21/1982,157.672,123.3762,137.82,315.75
3/28/1982,157.672,124.8597,137.82,322.25
4/4/1982,159.208,129.049,139.57,327.75
4/11/1982,159.208,130.2821,139.57,351.5
4/18/1982,159.208,130.9435,139.57,362.75
4/25/1982,159.208,132.9949,139.57,352.25
5/2/1982,161.433,131.1789,143.48,361.25
5/9/1982,161.433,134.5925,143.48,334.75
5/16/1982,161.433,132.9477,143.48,333.25
5/23/1982,161.433,129.4327,143.48,338.5
5/30/1982,161.433,126.0417,145.81,325.25
6/6/1982,163.325,124.6827,145.81,318.75
6/13/1982,163.325,125.9851,145.81,325.25
6/20/1982,163.325,121.5002,145.81,308.75
6/27/1982,163.325,123.6067,145.81,305.5
7/4/1982,164.799,122.5755,143.52,312.75
7/11/1982,164.799,123.9191,143.52,328.5
7/18/1982,164.799,126.4697,143.52,347
7/25/1982,164.799,126.5835,143.52,363.25
8/1/1982,167.495,122.5869,149.69,342.9
8/8/1982,167.495,118.7178,149.69,344.75
8/15/1982,167.495,118.878,149.69,338
8/22/1982,167.495,129.375,149.69,386.5
8/29/1982,167.495,134.0569,149.69,418
9/5/1982,169.679,141.1144,157.86,455
9/12/1982,169.679,139.1475,157.86,453
9/19/1982,169.679,140.9649,157.86,441.5
9/26/1982,169.679,141.8506,157.86,431
10/3/1982,171.176,140.9735,164.25,402
10/10/1982,171.176,151.4682,164.25,433
10/17/1982,171.176,154.3808,164.25,432.5
10/24/1982,171.176,160.4604,164.25,428
10/31/1982,172.298,155.2014,172.95,423.25
11/7/1982,172.298,165.0096,172.95,417.5
11/14/1982,172.298,161.9569,172.95,398
11/21/1982,172.298,159.0435,172.95,417.6
11/28/1982,172.298,156.5595,172.95,417.75
12/5/1982,173.437,161.6442,174.64,441.25
12/12/1982,173.437,162.6699,174.64,435.75
12/19/1982,173.437,160.2456,174.64,437
12/26/1982,173.437,162.8447,174.64,445.75
1/2/1983,174.948,164.5813,178.15,456.9
1/9/1983,174.948,169.8941,178.15,465
1/16/1983,174.948,171.6144,178.15,483.25
1/23/1983,174.948,168.3377,178.15,485
1/30/1983,174.948,169.1101,178.15,493.75
2/6/1983,175.948,171.6885,178.45,498.5
2/13/1983,175.948,173.4389,178.45,504.5
2/20/1983,175.948,173.8736,178.45,503.5
2/27/1983,175.948,175.9178,178.45,464.75
3/6/1983,177.142,181.2299,183.57,412.5
3/13/1983,177.142,178.3641,183.57,420.5
3/20/1983,177.142,176.7838,183.57,421.75
3/27/1983,177.142,180.0505,183.57,411.75
4/3/1983,178.212,181.0648,184.05,414.75
4/10/1983,178.212,180.9346,184.05,421.25
4/17/1983,178.212,187.9186,184.05,436.5
4/24/1983,178.212,189.8955,184.05,437
5/1/1983,179.749,195.3288,189.18,429.25
5/8/1983,179.749,197.3247,189.18,431.25
5/15/1983,179.749,195.8991,189.18,441.25
5/22/1983,179.749,192.6202,189.18,438.75
5/29/1983,179.749,195.3764,189.18,437.25
6/5/1983,180.868,196.0505,186.7,411.5
6/12/1983,180.868,193.9758,186.7,411.25
6/19/1983,180.868,201.6666,186.7,415.5
6/26/1983,180.868,203.181,186.7,423.5
7/3/1983,182.224,202.1231,186.9,416.25
7/10/1983,182.224,199.9333,186.9,426
7/17/1983,182.224,196.5947,186.9,422.25
7/24/1983,182.224,202.0992,186.9,423.5
7/31/1983,183.606,195.2305,182.48,422
8/7/1983,183.606,194.2457,182.48,419.75
8/14/1983,183.606,194.7501,182.48,412.4
8/21/1983,183.606,196.9359,182.48,417.75
8/28/1983,183.606,194.7261,182.48,417
9/4/1983,185.141,198.8841,183.75,417.5
9/11/1983,185.141,201.1984,183.75,414.75
9/18/1983,185.141,200.3788,183.75,405.5
9/25/1983,185.141,204.3203,183.75,413
10/2/1983,186.863,200.8971,189.81,405
10/9/1983,186.863,206.619,189.81,397.4
10/16/1983,186.863,205.4819,189.81,398.75
10/23/1983,186.863,200.7519,189.81,394.25
10/30/1983,186.863,197.6309,189.81,387.75
11/6/1983,188.285,197.2267,190.49,381
11/13/1983,188.285,201.9012,190.49,382
11/20/1983,188.285,200.4442,190.49,375.25
11/27/1983,188.285,202.9818,190.49,376.1
12/4/1983,189.612,201.5935,192.67,400.75
12/11/1983,189.612,201.167,192.67,388.75
12/18/1983,189.612,197.877,192.67,377.25
12/25/1983,189.612,198.8883,192.67,378.9
1/1/1984,191.15,201.7031,193.04,382.4
1/8/1984,191.15,207.023,193.04,375.25
1/15/1984,191.15,204.2591,193.04,373.25
1/22/1984,191.15,203.2685,193.04,371.25
1/29/1984,191.15,200.4924,193.04,370
2/5/1984,192.664,197.5094,197.02,383.1
2/12/1984,192.664,191.8508,197.02,377.65
2/19/1984,192.664,191.1634,197.02,382.15
2/26/1984,192.664,193.336,197.02,395.75
3/4/1984,194.053,196.2062,196.01,399
3/11/1984,194.053,190.1811,196.01,399.9
3/18/1984,194.053,196.2432,196.01,392.75
3/25/1984,194.053,193.2737,196.01,387.9
4/1/1984,195.563,196.8716,193.81,388.5
4/8/1984,195.563,192.2955,193.81,380.25
4/15/1984,195.563,194.5588,193.81,379.25
4/22/1984,195.563,195.4369,193.81,384.9
4/29/1984,195.563,197.7497,193.81,379.25
5/6/1984,197.257,197.5719,193.43,376.7
5/13/1984,197.257,196.802,193.43,372.5
5/20/1984,197.257,193.4369,193.43,375.6
5/27/1984,197.257,188.2713,193.43,384.2
6/3/1984,199.073,191.0918,187.4,393.75
6/10/1984,199.073,193.4986,187.4,386
6/17/1984,199.073,185.8419,187.4,368
6/24/1984,199.073,192.6132,187.4,374.25
7/1/1984,200.863,191.8151,189.8,373.05
7/8/1984,200.863,190.638,189.8,353.25
7/15/1984,200.863,188.935,189.8,345
7/22/1984,200.863,187.2696,189.8,342
7/29/1984,200.863,189.3232,189.8,335.25
8/5/1984,202.595,204.1346,198.34,349.25
8/12/1984,202.595,207.9947,198.34,346.75
8/19/1984,202.595,206.3853,198.34,352
8/26/1984,202.595,210.6226,198.34,350
9/2/1984,204.512,210.3586,201.68,348.25
9/9/1984,204.512,207.4433,201.68,339.75
9/16/1984,204.512,213.0089,201.68,341.45
9/23/1984,204.512,209.0839,201.68,343.5
9/30/1984,206.382,210.4091,206.47,343.75
10/7/1984,206.382,206.0767,206.47,343.8
10/14/1984,206.382,207.9769,206.47,338.9
10/21/1984,206.382,212.7652,206.47,339.5
10/28/1984,206.382,209.383,206.47,337.6
11/4/1984,208.738,212.9112,215.23,343.1
11/11/1984,208.738,213.1401,215.23,346.8
11/18/1984,208.738,208.6891,215.23,345
11/25/1984,208.738,212.2753,215.23,341.5
12/2/1984,210.722,208.8544,219.08,329
12/9/1984,210.722,207.1691,219.08,327
12/16/1984,210.722,207.7181,219.08,322.5
12/23/1984,210.722,211.3186,219.08,311
12/30/1984,210.722,212.2762,219.08,308.3
1/6/1985,212.416,209.7943,222.28,303.15
1/13/1985,212.416,215.2161,222.28,304.25
1/20/1985,212.416,219.5868,222.28,308
1/27/1985,212.416,227.3156,222.28,298.25
2/3/1985,213.812,229.772,227.34,306.65
2/10/1985,213.812,234.3512,227.34,301.65
2/17/1985,213.812,233.5923,227.34,304.15
2/24/1985,213.812,230.711,227.34,298.4
3/3/1985,215.144,236.5345,222.69,287.5
3/10/1985,215.144,231.203,222.69,291
3/17/1985,215.144,227.8854,222.69,292.7
3/24/1985,215.144,231.1256,222.69,315.5
3/31/1985,216.875,234.0431,227.23,329.25
4/7/1985,216.875,231.9314,227.23,316.75
4/14/1985,216.875,233.8876,227.23,329.9
4/21/1985,216.875,234.626,227.23,327
4/28/1985,216.875,236.0122,227.23,323.5
5/5/1985,218.657,234.1479,231.93,312.75
5/12/1985,218.657,239.6089,231.93,314.5
5/19/1985,218.657,243.6917,231.93,322.5
5/26/1985,218.657,244.8229,231.93,314.7
6/2/1985,220.476,247.3324,244.05,314
6/9/1985,220.476,247.502,244.05,314.3
6/16/1985,220.476,244.1355,244.05,318.25
6/23/1985,220.476,247.4107,244.05,313.45
6/30/1985,221.851,251.2077,246.63,317.75
7/7/1985,221.851,252.085,246.63,311.6
7/14/1985,221.851,253.0933,246.63,315.65
7/21/1985,221.851,255.5026,246.63,318.9
7/28/1985,221.851,251.9279,246.63,316.95
8/4/1985,223.139,251.5769,245.77,320.5
8/11/1985,223.139,247.4251,245.77,321.65
8/18/1985,223.139,244.5083,245.77,335.35
8/25/1985,223.139,245.9142,245.77,334.85
9/1/1985,224.699,248.6864,250.39,333.25
9/8/1985,224.699,248.1722,250.39,317.4
9/15/1985,224.699,241.1452,250.39,321.3
9/22/1985,224.699,240.0114,250.39,319.15
9/29/1985,224.699,239.0226,250.39,328.6
10/6/1985,226.008,242.4163,251.9,328
10/13/1985,226.008,243.8187,251.9,325.6
10/20/1985,226.008,247.4704,251.9,326.25
10/27/1985,226.008,248.1055,251.9,325.4
11/3/1985,227.352,254.3056,257.18,323.5
11/10/1985,227.352,257.2134,257.18,321.95
11/17/1985,227.352,263.0422,257.18,325.4
11/24/1985,227.352,267.5699,257.18,326.5
12/1/1985,228.816,269.3225,263.36,325.3
12/8/1985,228.816,270.4149,263.36,322.3
12/15/1985,228.816,279.6734,263.36,317.75
12/22/1985,228.816,281.0055,263.36,323.55
12/29/1985,228.816,279.2338,263.36,326.85
1/5/1986,230.385,281.8165,271.41,326.75
1/12/1986,230.385,275.2415,271.41,340.45
1/19/1986,230.385,278.5423,271.41,352.6
1/26/1986,230.385,275.8696,271.41,354
2/2/1986,231.857,283.928,272.92,350.5
2/9/1986,231.857,287.655,272.92,337.2
2/16/1986,231.857,294.6265,272.92,331.35
2/23/1986,231.857,301.1422,272.92,338
3/2/1986,233.143,305.1508,283.68,338.15
3/9/1986,233.143,303.3354,283.68,343.45
3/16/1986,233.143,318.1008,283.68,348
3/23/1986,233.143,313.7841,283.68,352.9
3/30/1986,233.143,321.3551,283.68,344
4/6/1986,234.714,308.4064,292.49,334.5
4/13/1986,234.714,318.224,292.49,341.95
4/20/1986,234.714,326.8684,292.49,342.75
4/27/1986,234.714,326.7471,292.49,344.45
5/4/1986,236.122,317.5604,294.04,341.6
5/11/1986,236.122,321.6991,294.04,345.35
5/18/1986,236.122,314.8147,294.04,343
5/25/1986,236.122,326.4329,294.04,341.1
6/1/1986,237.382,335.4949,288.42,343.2
6/8/1986,237.382,333.2162,288.42,341.65
6/15/1986,237.382,333.2976,288.42,346.2
6/22/1986,237.382,335.8069,288.42,339.65
6/29/1986,237.382,338.5467,288.42,344.9
7/6/1986,238.73,342.4565,295.97,343.8
7/13/1986,238.73,329.4405,295.97,348.1
7/20/1986,238.73,321.4704,295.97,347.9
7/27/1986,238.73,326.7203,295.97,349.4
8/3/1986,240.085,320.4319,298.59,361
8/10/1986,240.085,323.1191,298.59,368.8
8/17/1986,240.085,337.128,298.59,385.1
8/24/1986,240.085,341.2748,298.59,386.25
8/31/1986,241.562,345.9672,306.01,384.7
9/7/1986,241.562,342.6023,306.01,420
9/14/1986,241.562,315.5191,306.01,419.5
9/21/1986,241.562,317.6256,306.01,430
9/28/1986,241.562,317.6529,306.01,433
10/5/1986,242.588,320.6447,302.99,436
10/12/1986,242.588,323.0731,302.99,430.75
10/19/1986,242.588,327.6829,302.99,419.25
10/26/1986,242.588,326.8872,302.99,410.5
11/2/1986,243.827,335.6679,307.37,401
11/9/1986,243.827,338.1305,307.37,408.2
11/16/1986,243.827,336.3833,307.37,408.25
11/23/1986,243.827,338.2544,307.37,388.2
11/30/1986,244.809,343.8263,311.67,383.5
12/7/1986,244.809,346.5166,311.67,388.5
12/14/1986,244.809,341.2465,311.67,391.5
12/21/1986,244.809,344.53,311.67,394.8
12/28/1986,244.809,340.6532,311.67,389.2
1/4/1987,245.926,340.9736,312.84,403.5
1/11/1987,245.926,357.9635,312.84,402
1/18/1987,245.926,368.4092,312.84,415.7
1/25/1987,245.926,373.6943,312.84,400
2/1/1987,247.206,380.1693,317.25,400.5
2/8/1987,247.206,388.4363,317.25,402.6
2/15/1987,247.206,387.9646,317.25,397.35
2/22/1987,247.206,395.9819,317.25,399.75
3/1/1987,248.351,395.1913,319.45,405.85
3/8/1987,247.206,404.1742,319.45,407.84
3/15/1987,247.206,403.1035,319.45,410.05
3/22/1987,247.206,414.6171,319.45,405.99
3/29/1987,247.206,411.7804,319.45,417.92
4/5/1987,247.206,418.7344,318.01,418.7
4/12/1987,247.206,407.6949,318.01,431.6
4/19/1987,247.206,399.9171,318.01,437.75
4/26/1987,247.206,392.4041,318.01,462.2
5/3/1987,247.206,402.5224,309.29,456.75
5/10/1987,247.206,409.9851,309.29,453
5/17/1987,247.206,401.6839,309.29,469.9
5/24/1987,247.206,394.3191,309.29,466.5
5/31/1987,252.12,406.4773,308.08,451
6/7/1987,247.206,411.1712,308.08,453.5
6/14/1987,247.206,422.6187,308.08,455.45
6/21/1987,247.206,430.115,308.08,449
6/28/1987,247.206,430.3812,308.08,444.1
7/5/1987,247.206,429.2939,312.32,444.1
7/12/1987,247.206,433.1426,312.32,444.75
7/19/1987,247.206,441.8793,312.32,450.6
7/26/1987,247.206,434.4067,312.32,453.3
8/2/1987,254.684,448.6355,312.08,462.5
8/9/1987,247.206,454.7457,312.08,464.1
8/16/1987,247.206,470.2183,312.08,460
8/23/1987,247.206,472.9074,312.08,455.5
8/30/1987,247.206,460.4336,312.08,453.4
9/6/1987,247.206,446.89,310.41,463.7
9/13/1987,247.206,454.3406,310.41,459.85
9/20/1987,247.206,444.2936,310.41,461.7
9/27/1987,247.206,451.7724,310.41,461.8
10/4/1987,257.331,463.9985,303.8,454.35
10/11/1987,257.331,439.9549,303.8,462.05
10/18/1987,257.331,399.8305,303.8,465.25
10/25/1987,257.331,351.0644,303.8,470.5
11/1/1987,259.408,357.146,314.62,468.8
11/8/1987,257.331,355.1886,314.62,460
11/15/1987,257.331,348.4227,314.62,464.95
11/22/1987,257.331,343.2596,314.62,465.7
11/29/1987,257.331,340.905,314.62,478.4
12/6/1987,260.932,318.635,317.14,496.25
12/13/1987,260.932,334.857,317.14,493.5
12/20/1987,260.932,354.5512,317.14,481
12/27/1987,260.932,358.6209,317.14,481.5
1/3/1988,262.47,352.6444,321.46,484.1
1/10/1988,262.47,347.5985,321.46,483.9
1/17/1988,262.47,360.0736,321.46,480.3
1/24/1988,262.47,352.1705,321.46,476.2
1/31/1988,263.782,367.4774,332.76,458
2/7/1988,263.782,359.543,332.76,441.7
2/14/1988,263.782,369.4715,332.76,443.6
2/21/1988,263.782,375.3135,332.76,442.9
2/28/1988,263.782,376.7834,332.76,430.45
3/6/1988,265.179,384.0701,336.71,431.8
3/13/1988,265.179,380.926,336.71,441.8
3/20/1988,265.179,389.8959,336.71,442.85
3/27/1988,265.179,372.1112,336.71,451.8
4/3/1988,266.446,372.7257,333.55,456.95
4/10/1988,266.446,388.0904,333.55,449.4
4/17/1988,266.446,374.265,333.55,456.3
4/24/1988,266.446,374.8459,333.55,448.6
5/1/1988,267.663,376.8482,331.75,449
5/8/1988,266.446,371.9291,331.75,442.8
5/15/1988,266.446,371.368,331.75,449.5
5/22/1988,266.446,366.4563,331.75,454.9
5/29/1988,266.446,367.3752,331.75,452
6/5/1988,269.033,386.4148,329.52,464.7
6/12/1988,269.033,393.7396,329.52,457.6
6/19/1988,269.033,393.0017,329.52,450.25
6/26/1988,269.033,397.836,329.52,443.25
7/3/1988,270.559,395.1423,337.47,436.85
7/10/1988,270.559,392.7145,337.47,439.4
7/17/1988,270.559,395.7635,337.47,439.1
7/24/1988,270.559,383.3753,337.47,442.2
7/31/1988,271.886,396.0434,335.7,436.8
8/7/1988,271.886,395.4478,335.7,432.85
8/14/1988,271.886,383.3537,335.7,433.25
8/21/1988,271.886,380.2796,335.7,432.6
8/28/1988,271.886,379.7037,335.7,433.15
9/4/1988,273.487,387.0452,336.58,428.75
9/11/1988,273.487,390.7393,336.58,429.4
9/18/1988,273.487,396.4203,336.58,415.15
9/25/1988,273.487,395.3614,336.58,400.35
10/2/1988,275.222,398.8914,344.2,397.7
10/9/1988,275.222,408.2385,344.2,403.9
10/16/1988,275.222,404.527,344.2,407.6
10/23/1988,275.222,416.5626,344.2,410.25
10/30/1988,275.222,409.2485,344.2,411.5
11/6/1988,277.054,406.7075,350.68,421
11/13/1988,277.054,394.8101,350.68,420.3
11/20/1988,277.054,393.0919,350.68,417.75
11/27/1988,277.054,394.4254,350.68,424.1
12/4/1988,278.67,401.4893,346.42,424.25
12/11/1988,278.67,409.5091,346.42,419.75
12/18/1988,278.67,408.5543,346.42,411.75
12/25/1988,278.67,411.2825,346.42,417.25
1/1/1989,280.661,411.2053,346.81,410.25
1/8/1989,280.661,415.7376,346.18,406.35
1/15/1989,280.661,420.6248,350.07,405.55
1/22/1989,280.661,424.7353,350.8,405.5
1/29/1989,280.661,435.6422,352.64,399.75
2/5/1989,282.711,440.8263,352.23,390
2/12/1989,282.711,434.095,350.47,389.6
2/19/1989,282.711,441.658,350.29,380.4
2/26/1989,282.711,427.49,348.18,388.4
3/5/1989,284.483,433.9112,349.93,386.4
3/12/1989,284.483,436.8141,349.65,393.5
3/19/1989,284.483,436.6638,347.49,394.3
3/26/1989,284.483,431.1423,348.68,394.9
4/2/1989,286.637,440.3032,350.76,383.2
4/9/1989,286.637,444.0438,352.07,382.25
4/16/1989,286.637,450.438,354.07,386.2
4/23/1989,286.637,462.8481,355.33,384
4/30/1989,288.854,463.1639,358.1,377.55
5/7/1989,288.854,460.8702,359.71,375.7
5/14/1989,288.854,470.7622,362.83,377.3
5/21/1989,288.854,482.4083,364.91,365.5
5/28/1989,288.854,483.3964,366.34,365.8
6/4/1989,291.123,489.4734,370.87,361.5
6/11/1989,291.123,491.6364,376.31,368.25
6/18/1989,291.123,483.7018,373.15,365.35
6/25/1989,291.123,493.8189,375.57,370
7/2/1989,293.466,479.1695,378.7,373
7/9/1989,293.466,489.8801,381,383.55
7/16/1989,293.466,500.4547,381.8,370.8
7/23/1989,293.466,506.663,381.5,372.4
7/30/1989,293.466,516.3732,385.78,369.7
8/6/1989,295.631,519.7408,382.89,370.5
8/13/1989,295.631,521.5598,381.42,361.9
8/20/1989,295.631,523.8539,381.34,366.25
8/27/1989,295.631,530.8828,380.92,360.45
9/3/1989,297.641,536.2499,382.56,359.4
9/10/1989,297.641,528.8269,383.93,359.6
9/17/1989,297.641,523.5196,385.95,355.75
9/24/1989,297.641,526.893,383.97,364.9
10/1/1989,299.621,530.4861,382.97,366.5
10/8/1989,299.621,545.4905,388.65,363
10/15/1989,299.621,507.2513,390.18,363.2
10/22/1989,299.621,527.989,390.53,365.65
10/29/1989,299.621,509.827,391.87,372.6
11/5/1989,301.907,514.3158,392.4,380.5
11/12/1989,301.907,517.3081,394.13,385.35
11/19/1989,301.907,521.5896,394.6,392
11/26/1989,301.907,525.3222,396.48,415.8
12/3/1989,303.999,535.8817,396.64,413.85
12/10/1989,303.999,533.2847,396.88,409.35
12/17/1989,303.999,535.6804,397.91,412.75
12/24/1989,303.999,532.012,398.55,412.75
12/31/1989,305.891,541.4334,397.2,401.25
1/7/1990,305.891,539.8498,396.72,405
1/14/1990,305.891,521.1891,396.32,416.25
1/21/1990,305.891,520.0529,393.98,408.65
1/28/1990,305.891,499.8146,390.88,418
2/4/1990,308.041,508.0607,392,417.95
2/11/1990,308.041,513.1095,394.24,415.5
2/18/1990,308.041,512.2647,394.16,416.5
2/25/1990,308.041,499.2945,392.98,415.85
3/4/1990,309.826,517.2516,393.29,405.05
3/11/1990,309.826,521.4399,392.03,399.3
3/18/1990,309.826,527.6739,394,400.65
3/25/1990,309.826,520.5068,395.74,393.5
4/1/1990,311.829,525.0918,394.04,368.5
4/8/1990,311.829,525.7878,396.72,377.7
4/15/1990,311.829,532.4364,396.05,375.5
4/22/1990,311.829,518.2811,391.52,376
4/29/1990,311.829,509.2164,389.71,371.6
5/6/1990,314.073,524.2908,394.91,371.3
5/13/1990,314.073,546.0329,398.7,368.55
5/20/1990,314.073,550.5569,398.03,369.9
5/27/1990,314.073,551.2265,399.91,366.5
6/3/1990,316.322,564.8731,405.03,363.45
6/10/1990,316.322,558.1906,405.39,353.5
6/17/1990,316.322,565.0405,406.23,346.9
6/24/1990,316.322,553.4847,405.67,348.4
7/1/1990,318.393,558.0171,408.44,352.2
7/8/1990,318.393,558.9737,407.38,361.15
7/15/1990,318.393,572.9021,409.87,363.6
7/22/1990,318.393,564.1762,410.45,361
7/29/1990,318.393,551.6484,412.33,366.75
8/5/1990,320.751,538.7768,413.63,379
8/12/1990,320.751,525.0599,409.61,389.35
8/19/1990,320.751,513.4008,407.83,410.6
8/26/1990,320.751,488.0154,404.6,410.3
9/2/1990,322.907,505.8927,408.56,387.75
9/9/1990,322.907,507.3772,410.41,384.6
9/16/1990,322.907,497.3925,410.09,386.2
9/23/1990,322.907,489.1617,408.7,386.95
9/30/1990,324.929,481.2432,411.94,408.4
10/7/1990,324.929,490.3126,415.67,395.6
10/14/1990,324.929,472.3056,412.38,388.25
10/21/1990,324.929,492.0796,416.41,372
10/28/1990,324.929,480.0535,417.53,373.7
11/4/1990,327.083,491.6962,418.78,377.5
11/11/1990,327.083,495.9171,420.83,385.7
11/18/1990,327.083,501.6027,424.21,376.3
11/25/1990,327.083,498.4645,425.42,383.6
12/2/1990,329.204,510.1187,426.15,384.85
12/9/1990,329.204,519.3851,431.71,370.8
12/16/1990,329.204,518.2348,431.24,373.2
12/23/1990,329.204,526.1439,430.94,383.75
12/30/1990,329.204,521.9165,431.37,382.8
1/6/1991,331.636,509.8588,434.81,387.4
1/13/1991,331.636,500.8455,432.68,390.6
1/20/1991,331.636,528.0803,436.54,378.25
1/27/1991,331.636,534.3066,436.71,374.25
2/3/1991,333.702,545.739,441.25,364.5
2/10/1991,333.702,572.6408,444.01,370
2/17/1991,333.702,588.7225,444.89,365.5
2/24/1991,333.702,583.4834,442.61,358.8
3/3/1991,335.422,591.6643,439.56,366.9
3/10/1991,335.422,599.2528,440.27,368.5
3/17/1991,335.422,597.3255,442.22,366
3/24/1991,335.422,587.8958,441.55,362.35
3/31/1991,337.18,600.3954,444.92,355.65
4/7/1991,337.18,601.1383,446.78,358.5
4/14/1991,337.18,609.2722,447.76,361.95
4/21/1991,337.18,615.5304,446.47,356.15
4/28/1991,337.18,607.4009,448.52,353.25
5/5/1991,339.255,610.6164,449.72,355.5
5/12/1991,339.255,603.6038,447.78,356.7
5/19/1991,339.255,598.9403,450.21,355.1
5/26/1991,339.255,607.5328,450.98,355.8
6/2/1991,340.937,627.7395,452.37,360.4
6/9/1991,340.937,611.3224,447.98,367
6/16/1991,340.937,616.2983,449.02,367.75
6/23/1991,340.937,609.065,449.56,366.25
6/30/1991,342.462,598.9743,452.14,368.35
7/7/1991,342.462,604.0566,450.74,369.9
7/14/1991,342.462,614.0899,453.77,367.85
7/21/1991,342.462,620.6687,454.31,370
7/28/1991,342.462,615.4748,457.07,364.1
8/4/1991,344.239,625.9793,462.55,357.8
8/11/1991,344.239,626.9899,462.74,358.2
8/18/1991,344.239,624.925,466.45,357.75
8/25/1991,344.239,639.0199,466.27,353.7
9/1/1991,345.986,641.6559,468.33,347.4
9/8/1991,345.986,631.5446,470.62,348.05
9/15/1991,345.986,623.0853,472.55,344.25
9/22/1991,345.986,630.5551,474.7,348.6
9/29/1991,345.986,627.5651,477.18,348.45
10/6/1991,347.704,620.4998,479.94,356.3
10/13/1991,347.704,621.034,478.98,357.75
10/20/1991,347.704,639.0824,479.08,359.6
10/27/1991,347.704,625.644,478.27,362
11/3/1991,349.445,637.5615,483.09,357.75
11/10/1991,349.445,641.5353,484.69,352.9
11/17/1991,349.445,624.9428,486.86,355.5
11/24/1991,349.445,614.8124,486.04,367.95
12/1/1991,351.128,613.601,487.57,366.3
12/8/1991,351.128,620.3888,491.54,367.75
12/15/1991,351.128,629.5271,492.27,359.05
12/22/1991,351.128,633.8724,495.24,358.3
12/29/1991,351.128,666.3119,500.02,353.3
1/5/1992,352.804,687.4594,500.21,353
1/12/1992,352.804,680.8625,501.01,357.9
1/19/1992,352.804,687.1821,497.25,355.9
1/26/1992,352.804,681.6668,495.59,353.25
2/2/1992,354.032,671.0044,495.22,354.1
2/9/1992,354.032,675.8121,497.91,356.2
2/16/1992,354.032,678.8151,494.64,354.1
2/23/1992,354.032,677.2448,493.95,351.6
3/1/1992,355.053,679.6863,498.44,353.75
3/8/1992,355.053,666.7345,494.67,349.4
3/15/1992,355.053,669.3196,490.83,347.25
3/22/1992,355.053,678.443,492.28,338.8
3/29/1992,355.053,665.9678,495.37,340.5
4/5/1992,356.497,663.0266,499.37,340.6
4/12/1992,357.015,667.9862,501.9,341.9
4/19/1992,357.259,687.4546,500.86,338.95
4/26/1992,357.564,675.9802,499.72,336.55
5/3/1992,357.86,682.0355,501.08,337.5
5/10/1992,358.154,689.0256,504.67,336.9
5/17/1992,358.414,679.9469,508.07,339
5/24/1992,358.616,686.9596,507.27,337.7
5/31/1992,358.945,689.441,508.63,337.5
6/7/1992,359.165,686.9025,509.97,338.8
6/14/1992,359.461,681.1238,511.09,339.6
6/21/1992,359.744,671.119,512.82,343.55
6/28/1992,360.028,671.3173,515.16,343.4
7/5/1992,360.58,685.247,520.86,345.7
7/12/1992,360.883,690.417,522.35,348.7
7/19/1992,361.131,692.1852,523.59,356.7
7/26/1992,361.367,685.5735,527.1,357.6
8/2/1992,361.601,706.9306,526.15,357.85
8/9/1992,361.868,699.0827,530.44,349.9
8/16/1992,362.15,701.3449,531.44,335.7
8/23/1992,362.366,693.2401,532.33,338.5
8/30/1992,362.544,693.5965,531.33,341.5
9/6/1992,362.988,697.8859,537.13,343
9/13/1992,363.186,702.4143,537.56,342
9/20/1992,363.449,708.4345,537.24,350
9/27/1992,363.662,694.5923,537.99,351
10/4/1992,363.967,688.3217,540.01,350
10/11/1992,364.01,675.6651,534.47,352.5
10/18/1992,364.177,690.9496,534.79,344
10/25/1992,364.456,695.0413,530.11,344.5
11/1/1992,364.606,703.0146,530.65,341
11/8/1992,364.805,702.558,528.65,337
11/15/1992,365.058,710.9335,532.05,336.5
11/22/1992,365.245,718.5125,532.21,338
11/29/1992,365.43,724.8037,530.83,335.5
12/6/1992,365.681,728.5923,534.61,337
12/13/1992,365.928,731.7917,535.73,336.5
12/20/1992,366.175,744.6959,537.43,339
12/27/1992,366.379,742.5701,539.29,334.5
1/3/1993,366.659,735.8568,539.21,334.5
1/10/1993,366.946,725.06,540.64,330.5
1/17/1993,367.226,738.9512,544.63,329.5
1/24/1993,367.495,737.2167,546.35,330.5
1/31/1993,367.707,742.009,549.55,332.5
2/7/1993,367.964,760.1132,553.2,329.5
2/14/1993,368.182,753.4492,552.16,331
2/21/1993,368.383,736.1274,556.61,332.5
2/28/1993,368.589,752.1167,559.17,329.5
3/7/1993,368.802,757.4984,562.71,330.35
3/14/1993,368.996,764.1407,559.36,329
3/21/1993,369.319,764.8734,562.65,333
3/28/1993,369.453,761.1744,560.03,334
4/4/1993,369.554,750.8764,559.5,342
4/11/1993,369.752,751.7855,565.12,338.5
4/18/1993,370.045,763.9433,567.14,340
4/25/1993,370.248,743.766,568.04,346
5/2/1993,370.439,749.4302,565.41,356
5/9/1993,370.675,754.1077,568.77,359
5/16/1993,370.835,750.3846,567.07,370
5/23/1993,371.04,761.4828,565.43,375
5/30/1993,371.24,769.4584,566.13,383
6/6/1993,371.462,769.7059,567.79,378.5
6/13/1993,371.739,765.4101,571.7,366.45
6/20/1993,371.941,759.415,572.55,371.95
6/27/1993,372.194,766.521,575.49,376.7
7/4/1993,372.493,764.1019,578.02,388
7/11/1993,372.691,768.1318,578.6,391.9
7/18/1993,372.907,764.1424,581.02,393.85
7/25/1993,373.087,766.5679,576.18,390.5
8/1/1993,373.339,768.5974,579.65,407.3
8/8/1993,373.547,770.2813,580.94,376
8/15/1993,373.783,773.5788,583.78,369.9
8/22/1993,374.065,784.3484,586.51,373.7
8/29/1993,374.279,792.2782,589.46,369
9/5/1993,374.549,794.2551,593.49,365.35
9/12/1993,374.755,795.279,593.73,350
9/19/1993,374.987,790.7253,591.66,351.05
9/26/1993,375.216,789.1481,591.25,358.3
10/3/1993,375.435,795.7461,593.17,355.5
10/10/1993,375.615,794.5339,595.83,358.95
10/17/1993,375.809,810.4721,598.08,365.05
10/24/1993,376.054,799.828,593.52,368.5
10/31/1993,376.279,807.9719,593.64,369.5
11/7/1993,376.456,794.9332,587.25,377.2
11/14/1993,376.654,805.295,590.1,373.5
11/21/1993,376.857,801.0137,586.89,377.9
11/28/1993,377.096,802.2487,589.39,377.25
12/5/1993,377.34,805.8645,589.67,376.85
12/12/1993,377.631,804.6874,591.85,383.7
12/19/1993,377.887,809.1046,591.09,387.6
12/26/1993,378.062,810.867,593.68,386.85
1/2/1994,378.349,809.9248,591.78,390.7
1/9/1994,378.634,816.4328,596.36,387.1
1/16/1994,378.901,825.3742,595.36,390
1/23/1994,379.151,825.0693,597.66,382
1/30/1994,379.38,832.2384,600.15,377.3
2/6/1994,379.361,817.7431,594.28,386.5
2/13/1994,379.566,818.9216,594.52,381.8
2/20/1994,379.806,815.1632,590.14,380.3
2/27/1994,380.04,812.6885,587.98,379.3
3/6/1994,380.195,811.0637,583.83,377.2
3/13/1994,380.482,814.5442,581.95,385.5
3/20/1994,380.728,822.8012,581.65,387.3
3/27/1994,381.022,804.9837,579.24,391.4
4/3/1994,381.242,779.2254,574.82,391
4/10/1994,381.522,782.0025,571.39,384.8
4/17/1994,381.768,780.5641,571.56,378.2
4/24/1994,381.935,783.2061,572.54,371.5
5/1/1994,382.189,789.2166,570.23,377.05
5/8/1994,382.232,784.6526,563.86,384
5/15/1994,382.637,779.0116,565.69,381
5/22/1994,382.862,798.7543,573.39,384.25
5/29/1994,383.158,803.613,571.11,386
6/5/1994,383.563,808.842,575.87,380.9
6/12/1994,383.927,806.8897,575.82,384.1
6/19/1994,384.274,806.6778,573.54,388.25
6/26/1994,384.571,779.5203,571.94,391.6
7/3/1994,384.851,786.1015,569.37,387.2
7/10/1994,385.125,792.2427,568.23,383.5
7/17/1994,385.603,800.5541,573.97,386.3
7/24/1994,385.896,798.8172,573.69,385.3
7/31/1994,386.286,808.1935,580.19,383.6
8/7/1994,386.499,806.8917,575.69,378.5
8/14/1994,386.724,816.1885,575.86,376.8
8/21/1994,386.99,819.7373,576.96,382.4
8/28/1994,387.357,838.101,578.88,383.7
9/4/1994,387.738,833.7445,580.29,387.4
9/11/1994,388.094,829.222,574.89,392.1
9/18/1994,388.457,834.7037,573.73,390.2
9/25/1994,388.711,814.6693,573.15,396.5
10/2/1994,389.044,820.735,572.36,394.25
10/9/1994,389.329,807.8502,570.84,393.25
10/16/1994,389.842,832.8085,574.5,387.75
10/23/1994,390.116,825.4487,570.43,391
10/30/1994,390.562,841.5209,571.58,388
11/6/1994,390.8,822.0934,566.15,383.9
11/13/1994,391.196,822.7943,568.04,385.5
11/20/1994,391.585,821.8008,567.52,384.7
11/27/1994,391.995,805.9048,573.18,385.2
12/4/1994,392.296,808.1892,572.71,376.5
12/11/1994,392.76,797.4251,573.05,378
12/18/1994,393.311,818.7634,573.8,379.2
12/25/1994,393.895,821.2915,573.68,380.8
1/1/1995,394.206,820.5667,574.52,383.2
1/8/1995,394.63,823.4437,575.06,371.5
1/15/1995,395.3,833.1608,580.41,378.95
1/22/1995,395.581,831.0783,577.94,384.2
1/29/1995,396.052,841.4026,584.72,378.25
2/5/1995,396.415,856.8081,589.9,376.3
2/12/1995,396.897,862.7868,586.44,376.3
2/19/1995,397.407,864.3333,592.66,379
2/26/1995,397.876,875.7236,596.41,376.6
3/5/1995,398.325,871.5792,596.49,376.8
3/12/1995,398.737,879.7104,600.69,382.3
3/19/1995,399.232,890.6188,604.53,383.7
3/26/1995,399.712,900.4388,605.78,382.3
4/2/1995,400.115,900.4582,603.5,391.4
4/9/1995,400.613,911.4068,607.27,392.9
4/16/1995,401.117,916.5779,610.83,389.5
4/23/1995,401.608,915.3909,612.46,390.4
4/30/1995,401.981,926.9731,611.93,387.1
5/7/1995,402.426,937.4727,623.95,390
5/14/1995,402.764,948.206,623.89,383.7
5/21/1995,403.207,937.6274,626.46,383.5
5/28/1995,403.701,946.3208,632.64,386
6/4/1995,404.403,962.6361,641.49,383.6
6/11/1995,404.703,954.658,633.6,388.5
6/18/1995,405.241,976.6938,639.26,390
6/25/1995,405.77,994.7347,643.77,390.3
7/2/1995,406.131,986.3894,640.27,384.6
7/9/1995,406.64,1008.073,647.08,385.9
7/16/1995,407.049,1014.5816,644.71,388.9
7/23/1995,407.446,1003.46,634.98,386.6
7/30/1995,407.877,1020.5946,637.16,383.5
8/6/1995,408.328,1013.994,638.36,384.1
8/13/1995,408.745,1007.8502,634.71,384
8/20/1995,409.213,1015.9418,637.27,385.3
8/27/1995,409.718,1017.8301,644.11,383.4
9/3/1995,410.178,1025.2243,648.12,381.05
9/10/1995,410.597,1041.7638,648.51,382.9
9/17/1995,411.053,1061.7759,652.45,385.2
9/24/1995,411.559,1059.315,649.54,384
10/1/1995,411.913,1064.7477,652.84,384
10/8/1995,412.308,1061.9481,656.52,383.4
10/15/1995,412.776,1065.802,660.57,384.5
10/22/1995,413.213,1071.4199,659,382.1
10/29/1995,413.632,1057.5133,660.37,383
11/5/1995,414.066,1077.9789,664.33,382.6
11/12/1995,414.403,1082.6679,663.4,389.5
11/19/1995,414.933,1096.7978,666.38,387.3
11/26/1995,415.358,1096.972,666.51,384
12/3/1995,415.809,1110.4415,672.54,386.6
12/10/1995,416.195,1130.1472,673.28,390
12/17/1995,416.767,1128.6543,674.22,386.5
12/24/1995,417.443,1120.8108,676.16,387.5
12/31/1995,417.982,1128.7639,680.66,387.1
1/7/1996,418.263,1130.4153,678.98,396.3
1/14/1996,418.67,1103.6637,678.03,396.3
1/21/1996,419.109,1122.2509,684.5,399.8
1/28/1996,419.528,1140.2762,682.66,406.2
2/4/1996,420.069,1167.0708,683.56,415.5
2/11/1996,420.52,1205.4024,684.79,405.8
2/18/1996,420.953,1190.9025,682.46,404.8
2/25/1996,421.291,1211.6112,676.7,398.5
3/3/1996,421.639,1185.1921,677.33,398.9
3/10/1996,422.013,1165.9422,664.61,397.1
3/17/1996,422.312,1181.209,664.07,396.2
3/24/1996,422.704,1198.3071,668.72,398.35
3/31/1996,423.123,1189.256,668.59,395.45
4/7/1996,423.461,1208.6909,662.39,393.55
4/14/1996,423.92,1173.9922,665.34,394.55
4/21/1996,424.305,1189.6087,666.27,390.73
4/28/1996,424.688,1205.2923,667.54,390.4
5/5/1996,425.123,1183.9784,658.27,392.45
5/12/1996,425.562,1204.1399,664.52,390.65
5/19/1996,425.98,1236.4622,667.85,392.55
5/26/1996,426.373,1254.5617,668.98,391
6/2/1996,426.815,1237.787,663.48,391
6/9/1996,427.18,1246.1901,662.25,385.3
6/16/1996,427.683,1233.0657,663.04,384.9
6/23/1996,428.081,1235.0567,663.97,385.05
6/30/1996,428.573,1242.4882,672.39,380.45
7/7/1996,428.817,1218.5295,663.07,381.75
7/14/1996,429.329,1198.3227,670,383.75
7/21/1996,429.744,1184.7102,672.96,384.95
7/28/1996,430.197,1179.5111,672.15,385.25
8/4/1996,430.763,1229.7095,683.5,387.55
8/11/1996,431.274,1229.6401,684.51,387.75
8/18/1996,431.679,1236.2218,683.43,386.4
8/25/1996,432.146,1239.9931,679.32,388.45
9/1/1996,432.461,1212.6189,673.1,386.5
9/8/1996,432.827,1220.1781,674.07,385.25
9/15/1996,433.36,1267.2727,681.75,382.6
9/22/1996,433.723,1279.8433,678.99,381.25
9/29/1996,434.314,1278.7877,685.25,380.55
10/6/1996,434.836,1307.5112,693.14,380.43
10/13/1996,435.201,1306.6912,690.88,381.3
10/20/1996,435.675,1325.874,693.89,380.35
10/27/1996,436.04,1307.4642,694.03,382.85
11/3/1996,436.405,1313.5497,699.61,378.25
11/10/1996,436.857,1364.8312,703.67,379.05
11/17/1996,437.306,1378.2701,707.1,379.75
11/24/1996,437.727,1399.4714,708.71,376.35
12/1/1996,438.217,1415.6588,711.99,371.65
12/8/1996,438.741,1383.7644,707.18,368.95
12/15/1996,439.234,1363.8927,706.18,368.7
12/22/1996,439.535,1401.9543,706.54,368.55
12/29/1996,439.858,1417.4359,708.82,369.6
1/5/1997,440.378,1401.3489,703.49,361
1/12/1997,440.804,1423.3634,700.88,359.05
1/19/1997,441.297,1454.8214,703.99,355.55
1/26/1997,441.712,1444.363,702.72,352.35
2/2/1997,442.169,1474.2454,707.53,344.35
2/9/1997,442.647,1481.6093,711.59,341.95
2/16/1997,443.1,1517.8007,716.4,345.2
2/23/1997,443.549,1505.7654,714.56,352.25
3/2/1997,443.894,1485.8004,709.29,363.45
3/9/1997,444.36,1513.3197,709.46,348.7
3/16/1997,444.774,1491.8437,706.48,352.25
3/23/1997,445.091,1474.9901,705.48,352.85
3/30/1997,445.492,1456.295,701.51,349.75
4/6/1997,446.113,1426.5305,702.22,348.75
4/13/1997,446.543,1389.0449,701.38,346.95
4/20/1997,447.038,1443.2256,706.57,341.45
4/27/1997,447.523,1441.4797,704.05,341.95
5/4/1997,448.025,1531.8985,713.81,340.25
5/11/1997,448.622,1555.0629,715.52,348.05
5/18/1997,449.126,1565.764,715.59,344.05
5/25/1997,449.68,1598.7508,715.31,342.6
6/1/1997,450.193,1601.6853,718.66,344.65
6/8/1997,450.496,1620.7725,724.44,343.65
6/15/1997,450.966,1688.1357,727.6,341.05
6/22/1997,451.299,1698.5916,730.12,337.7
6/29/1997,451.659,1677.5296,728.61,334.55
7/6/1997,452.071,1734.0329,734.06,324.5
7/13/1997,452.658,1734.354,737.39,321.35
7/20/1997,453.035,1731.9094,738.19,328.95
7/27/1997,453.503,1776.4177,741.26,326
8/3/1997,453.887,1793.0512,741.29,324.75
8/10/1997,454.336,1767.6262,736.41,327.15
8/17/1997,454.845,1706.7105,740.9,326.05
8/24/1997,455.301,1750.3506,738.29,324.75
8/31/1997,455.812,1705.2597,740.43,324.15
9/7/1997,456.203,1761.9727,740.73,322.55
9/14/1997,456.734,1753.0048,743.8,323.75
9/21/1997,457.196,1804.0847,750.96,320.85
9/28/1997,457.76,1794.7002,751.93,326.75
10/5/1997,458.185,1832.6315,755.43,334.85
10/12/1997,458.593,1837.0778,751.85,329.65
10/19/1997,459.127,1793.802,751.81,325.25
10/26/1997,459.535,1789.1755,757.7,309
11/2/1997,459.852,1738.5601,762.25,311.45
11/9/1997,460.213,1763.9317,761.29,310.25
11/16/1997,460.709,1766.3279,763.15,303.35
11/23/1997,461.191,1833.018,765.63,304.95
11/30/1997,461.645,1819.0546,765.76,297
12/7/1997,461.92,1873.7259,765.72,288.25
12/14/1997,462.445,1816.5761,771.75,282.85
12/21/1997,462.68,1804.2137,773.01,289.05
12/28/1997,463.235,1784.6748,773.05,294.65
1/4/1998,463.797,1859.1123,776.6,288.25
1/11/1998,464.552,1769.4539,786.12,278.65
1/18/1998,464.913,1834.1724,781.58,290.15
1/25/1998,465.343,1826.8561,777.16,299.63
2/1/1998,465.796,1870.699,783.4,302.45
2/8/1998,466.237,1933.0536,781.28,298.15
2/15/1998,466.598,1948.4441,784.74,299.85
2/22/1998,467.049,1976.069,784.58,297.25
3/1/1998,467.448,2005.6211,782.81,299.15
3/8/1998,467.977,2018.7299,780.85,294.45
3/15/1998,468.464,2044.207,786.42,295.35
3/22/1998,468.892,2102.8237,787.18,291.75
3/29/1998,469.369,2096.1953,784.43,302.25
4/5/1998,469.917,2148.664,792.44,308.25
4/12/1998,470.343,2126.3613,789.5,307.75
4/19/1998,470.813,2149.6268,790.8,307.75
4/26/1998,471.318,2121.4204,789.09,312.65
5/3/1998,471.819,2147.2012,790.21,302.25
5/10/1998,472.206,2123.1824,790.3,299.85
5/17/1998,472.645,2125.841,790.72,301.25
5/24/1998,473.106,2129.7235,793.34,299.85
5/31/1998,473.731,2092.6711,797.09,292.95
6/7/1998,474.068,2137.5196,797.56,291.65
6/14/1998,474.472,2109.5673,803.57,286
6/21/1998,474.95,2113.2515,801.54,298.75
6/28/1998,475.465,2176.2183,803.02,293.85
7/5/1998,475.951,2201.892,805.5,294.75
7/12/1998,476.435,2237.2459,806.33,290.85
7/19/1998,476.875,2280.502,803.68,294.5
7/26/1998,477.374,2192.4126,806.47,291.45
8/2/1998,477.824,2154.441,805.56,286.45
8/9/1998,478.357,2095.0225,810.53,286.65
8/16/1998,478.818,2044.7345,810.98,284.05
8/23/1998,479.344,2080.8708,814.19,284.8
8/30/1998,479.798,1977.4015,820.65,274.35
9/6/1998,480.27,1875.5772,819.92,286.85
9/13/1998,480.74,1944.1392,825.42,293.75
9/20/1998,481.405,1965.9708,828.85,291.45
9/27/1998,482.018,2013.6139,832.38,294.15
10/4/1998,482.779,1933.2778,842.63,300.55
10/11/1998,483.651,1898.8773,828.03,296.75
10/18/1998,484.185,2038.0073,836.68,299.95
10/25/1998,484.245,2065.7093,829.63,292.85
11/1/1998,484.351,2120.4073,833.42,292.55
11/8/1998,484.504,2202.8897,823.31,293.2
11/15/1998,485.068,2174.4108,830.44,295.85
11/22/1998,485.464,2247.9829,831.87,296.05
11/29/1998,485.769,2304.3637,832.96,296.2
12/6/1998,486.284,2274.8972,840.07,292.45
12/13/1998,486.647,2255.8788,841.15,290.85
12/20/1998,487.076,2297.8481,841.76,289.05
12/27/1998,487.4,2371.957,833.5,286.25
1/3/1999,487.883,2378.4492,840.66,287.75
1/10/1999,488.338,2468.0604,836.07,291.35
1/17/1999,488.81,2406.6668,842.01,287.05
1/24/1999,489.311,2371.8716,844.83,286.45
1/31/1999,489.616,2477.9071,846.66,286.15
2/7/1999,489.881,2400.6344,837.83,288.55
2/14/1999,490.262,2383.794,835.05,289.55
2/21/1999,490.688,2401.898,836.57,288.25
2/28/1999,491.021,2400.878,831.88,287.05
3/7/1999,491.392,2473.9188,830.62,288.45
3/14/1999,491.849,2511.9245,836.3,292.35
3/21/1999,492.349,2521.3209,837.41,284.25
3/28/1999,492.75,2489.4403,836.56,279.75
4/4/1999,493.335,2511.3164,835.23,279.85
4/11/1999,493.793,2618.1137,844.71,281.55
4/18/1999,494.207,2561.3196,841.17,284.25
4/25/1999,494.61,2635.0284,841.15,283.55
5/2/1999,494.939,2593.6059,839.14,286.55
5/9/1999,495.335,2613.4596,834.59,282.75
5/16/1999,495.759,2600.8794,832.27,275.95
5/23/1999,496.271,2586.7763,835.27,272.95
5/30/1999,496.681,2532.2257,831.79,270.45
6/6/1999,497.233,2583.3058,826.34,264.8
6/13/1999,497.59,2517.896,819.3,260.65
6/20/1999,498.202,2613.935,826.72,259.55
6/27/1999,498.614,2560.4381,820.16,260.25
7/4/1999,499.17,2708.9212,828.43,263.5
7/11/1999,499.71,2733.4447,828.92,256.95
7/18/1999,500.16,2763.8578,834.63,253.85
7/25/1999,500.665,2643.5976,829.02,254.65
8/1/1999,500.975,2589.2762,825.61,255.95
8/8/1999,501.353,2534.8988,820.78,256.15
8/15/1999,501.884,2589.3046,822.71,260.65
8/22/1999,502.285,2607.2076,827.53,257.4
8/29/1999,502.626,2630.4256,829.82,253.75
9/5/1999,503.548,2648.9822,829.08,254.25
9/12/1999,504.148,2638.5925,830.74,256.55
9/19/1999,504.627,2607.796,833.63,255.25
9/26/1999,504.934,2494.5335,839.1,268.75
10/3/1999,505.311,2506.0237,831,309
10/10/1999,505.911,2610.6244,831.42,320.15
10/17/1999,506.187,2437.67,830.27,315.15
10/24/1999,506.722,2543.8923,827.46,302.4
10/31/1999,507.245,2664.3229,837.85,299.2
11/7/1999,507.586,2679.1156,843,290.5
11/14/1999,507.951,2730.9372,844.04,291.3
11/21/1999,508.498,2782.3683,840.6,295
11/28/1999,508.966,2772.2317,838.81,297.12
12/5/1999,509.558,2805.9769,839.17,279.8
12/12/1999,510.034,2774.5721,844.44,278.95
12/19/1999,510.407,2783.1838,835.44,283.6
12/26/1999,511.004,2856.7091,832.88,287.63
1/2/2000,511.552,2878.5337,833.75,288
1/9/2000,512.159,2825.0359,833.27,281.75
1/16/2000,512.565,2871.7605,829.45,284.2
1/23/2000,513.101,2825.2915,828.15,289.1
1/30/2000,513.492,2666.6554,833.71,283.25
2/6/2000,514.153,2793.1526,834.8,310.3
2/13/2000,514.775,2721.2056,832.34,310.95
2/20/2000,515.048,2641.3411,836.8,305
2/27/2000,515.655,2616.9107,842.26,292.6
3/5/2000,516.399,2766.7056,843.75,288.8
3/12/2000,516.958,2739.7792,842.1,289
3/19/2000,517.497,2876.9612,847.89,284.6
3/26/2000,517.837,3000.8015,846.87,285
4/2/2000,518.689,2944.5297,852.15,279.07
4/9/2000,519.294,2980.2919,859,280
4/16/2000,519.952,2666.5485,858.42,282.6
4/23/2000,520.241,2820.0698,857.65,280
4/30/2000,521.109,2855.9237,849.71,273.55
5/7/2000,521.69,2817.4316,837.8,278.95
5/14/2000,522.192,2796.0534,836.72,276.15
5/21/2000,523.149,2769.0815,838.39,274.25
5/28/2000,523.556,2712.5944,847.56,272.25
6/4/2000,524.153,2908.8083,857.47,281.15
6/11/2000,524.732,2869.2797,860.13,283.85
6/18/2000,525.434,2884.8979,867.43,289.25
6/25/2000,526.024,2839.8048,859.33,283.15
7/2/2000,526.545,2866.1467,866.99,289.52
7/9/2000,527.015,2915.2707,870.91,283.65
7/16/2000,527.464,2976.8629,869.7,281.3
7/23/2000,528.105,2918.3008,874.54,280.35
7/30/2000,528.666,2799.9218,874.41,278.38
8/6/2000,529.298,2885.608,881.02,273.5
8/13/2000,529.883,2904.272,882.6,275.15
8/20/2000,530.506,2944.1038,883.65,276.65
8/27/2000,531.139,2973.4709,886.97,274.25
9/3/2000,531.827,3002.8797,889.65,276.75
9/10/2000,532.599,2951.3645,888.86,273.05
9/17/2000,533.253,2895.4541,887.39,272.45
9/24/2000,533.869,2861.9023,889.42,272.15
10/1/2000,534.473,2838.5095,893.12,274.25
10/8/2000,535.157,2785.0876,892.89,269.65
10/15/2000,535.781,2716.5892,896.14,272.65
10/22/2000,536.357,2761.778,900.91,271.55
10/29/2000,536.894,2727.7329,899.84,264.55
11/5/2000,537.519,2821.6475,898.17,265.15
11/12/2000,538.174,2702.4134,899.97,264.75
11/19/2000,538.872,2706.8343,903.9,265.75
11/26/2000,539.564,2655.7412,906.63,266.35
12/3/2000,540.284,2604.2093,911.58,269.4
12/10/2000,541.079,2713.1154,920.13,272.8
12/17/2000,541.764,2599.3913,927.02,270.95
12/24/2000,543.15,2587.3762,933.01,273.95
12/31/2000,543.172,2616.3796,930.68,272.25
1/7/2001,544.588,2573.3248,943.45,268.15
1/14/2001,544.88,2613.7744,934.03,264.3
1/21/2001,545.513,2661.9766,939.64,264.75
1/28/2001,546.163,2686.7707,938.91,263.05
2/4/2001,546.78,2676.6482,945.85,267.55
2/11/2001,547.306,2608.679,946.79,260.65
2/18/2001,547.765,2583.3932,944.31,258.95
2/25/2001,548.462,2473.1895,945.84,261.55
3/4/2001,548.993,2450.7767,952.41,262.85
3/11/2001,549.643,2450.2406,954.95,271.75
3/18/2001,550.282,2286.1638,961.59,259.05
3/25/2001,550.843,2265.1134,961.79,262.3
4/1/2001,551.349,2306.1777,958.93,257.95
4/8/2001,552.252,2243.7709,962.47,260.05
4/15/2001,552.552,2353.586,954.17,259.25
4/22/2001,553.321,2472.038,954.11,264.65
4/29/2001,553.639,2492.3875,954.1,263.65
5/6/2001,554.192,2520.0972,962.82,266.15
5/13/2001,554.566,2479.5906,952.03,268.05
5/20/2001,555.136,2572.7362,957.91,287.55
5/27/2001,555.449,2544.8924,955.31,277.65
6/3/2001,555.925,2511.5649,962.59,267.05
6/10/2001,556.34,2520.5837,963.82,273.75
6/17/2001,556.872,2420.4033,969.25,271.55
6/24/2001,557.389,2442.5173,974.63,272.6
7/1/2001,557.534,2440.9928,964.34,270.85
7/8/2001,557.951,2374.895,967.37,266.25
7/15/2001,558.328,2425.3101,972.62,267.35
7/22/2001,558.823,2415.8599,979.78,270.05
7/29/2001,559.171,2406.0331,982.71,267.55
8/5/2001,559.56,2423.9724,981.47,268.55
8/12/2001,560.017,2376.6649,987.7,274.55
8/19/2001,560.457,2321.3336,992.25,279.25
8/26/2001,560.773,2367.4606,991.67,272.85
9/2/2001,561.184,2265.5734,997.19,274.4
9/9/2001,561.643,2170.5911,998.55,273.15
9/16/2001,562.678,2184.1294,1005.61,285.55
9/23/2001,563.454,1931.5539,1002.47,291.45
9/30/2001,563.572,2082.5934,1008.81,293.25
10/7/2001,564.048,2144.4167,1014.26,291
10/14/2001,564.168,2185.3511,1010.2,284.45
10/21/2001,564.502,2149.182,1015.01,279.65
10/28/2001,564.814,2211.5413,1019.48,277.35
11/4/2001,565.16,2177.4773,1025.62,279.95
11/11/2001,565.574,2244.7604,1030.3,277.45
11/18/2001,565.648,2282.5821,1009.19,274.85
11/25/2001,565.858,2306.2321,1005.87,272.9
12/2/2001,566.279,2285.0711,1015.72,274.4
12/9/2001,566.586,2323.7702,1000.68,274.55
12/16/2001,566.711,2253.592,1000.92,278.45
12/23/2001,566.921,2297.9078,1005.3,278.15
12/30/2001,567.092,2331.0671,1004.73,276.55
1/6/2002,567.28,2354.5086,1006.82,278.95
1/13/2002,567.627,2301.3391,1022.05,287.55
1/20/2002,567.753,2265.3631,1020.38,283.55
1/27/2002,567.844,2276.8474,1014.99,279.45
2/3/2002,568.049,2255.3717,1019.44,286.25
2/10/2002,568.288,2203.9406,1022.83,303.75
2/17/2002,568.448,2221.0767,1025.13,297.85
2/24/2002,568.596,2192.4759,1027.1,292.75
3/3/2002,568.745,2278.068,1022.98,298.15
3/10/2002,568.91,2344.152,1011.46,289.75
3/17/2002,569.07,2348.5987,1009.41,290.05
3/24/2002,569.304,2313.6559,1008.46,297.75
3/31/2002,569.596,2311.3929,1010.21,302.65
4/7/2002,569.802,2262.1944,1020.26,300.05
4/14/2002,570.053,2239.4344,1022.86,302.15
4/21/2002,570.225,2268.1692,1025.24,302.35
4/28/2002,570.402,2169.9044,1030.85,311.35
5/5/2002,570.568,2164.7235,1031.42,311.95
5/12/2002,570.763,2128.3242,1031.03,311.05
5/19/2002,570.975,2233.973,1026.76,311.05
5/26/2002,571.216,2188.2057,1033.26,320.55
6/2/2002,571.382,2155.0988,1038.55,326.55
6/9/2002,571.583,2076.1942,1038.06,323.95
6/16/2002,571.812,2035.7413,1049.22,319.35
6/23/2002,571.984,1999.3093,1050.82,324.65
6/30/2002,572.208,2001.7616,1047.53,314.45
7/7/2002,572.352,2000.7205,1046.41,311.55
7/14/2002,572.564,1864.7125,1058.78,316.05
7/21/2002,572.765,1715.8972,1059.89,323.95
7/28/2002,572.961,1726.2307,1062.21,303.75
8/4/2002,573.254,1750.1108,1068.26,307.35
8/11/2002,573.444,1840.8609,1068.85,314.55
8/18/2002,573.605,1882.738,1066.17,313.95
8/25/2002,573.761,1907.5398,1073.88,307.05
9/1/2002,573.881,1857.8096,1078.07,312.75
9/8/2002,574.097,1813.7221,1081.13,320.25
9/15/2002,574.241,1806.1558,1088.08,316.85
9/22/2002,574.494,1716.2411,1091.59,322.15
9/29/2002,574.673,1680.4557,1092.83,319.95
10/6/2002,574.846,1626.4493,1092.82,322.25
10/13/2002,575.048,1698.0343,1087.57,316.75
10/20/2002,575.146,1797.9832,1076.51,312.85
10/27/2002,575.348,1824.9998,1080.56,313.85
11/3/2002,575.706,1832.5676,1088.6,319.75
11/10/2002,576.116,1820.9174,1096.96,321.55
11/17/2002,576.289,1852.7179,1093.3,320.55
11/24/2002,576.411,1895.2799,1089.78,321.05
12/1/2002,576.574,1907.693,1090.25,318.15
12/8/2002,576.717,1859.4199,1096.2,326.25
12/15/2002,576.861,1813.6467,1099.9,333.15
12/22/2002,577.029,1827.0526,1106.02,340.75
12/29/2002,577.208,1786.3356,1112.24,349.25
1/5/2003,577.278,1854.5119,1105.33,351.25
1/12/2003,577.411,1894.0195,1103.45,354.75
1/19/2003,577.573,1841.8021,1110.47,356.55
1/26/2003,577.723,1759.5304,1114.56,368.25
2/2/2003,577.822,1748.5717,1113.72,368.15
2/9/2003,577.961,1696.3425,1117.46,369.75
2/16/2003,578.082,1707.9595,1117.23,351.55
2/23/2003,578.204,1735.7034,1120.57,351.35
3/2/2003,578.326,1722.3359,1129.13,349.95
3/9/2003,578.581,1697.994,1132.26,350.75
3/16/2003,578.697,1707.8511,1128.15,336.35
3/23/2003,578.767,1836.2525,1114.31,326.05
3/30/2003,578.946,1770.4481,1124.57,331.85
4/6/2003,579.109,1802.3096,1124.63,325.55
4/13/2003,579.155,1781.6394,1124.85,328.05
4/20/2003,579.266,1833.7241,1127.67,325.95
4/27/2003,579.446,1844.5163,1133.8,333.25
5/4/2003,579.591,1909.6052,1135.8,340.95
5/11/2003,579.759,1917.2987,1145.65,348.55
5/18/2003,579.969,1940.9773,1154.18,354.75
5/25/2003,580.038,1918.4386,1158.31,368.75
6/1/2003,580.137,1981.4155,1158.78,364.45
6/8/2003,580.323,2032.0097,1159.74,363.75
6/15/2003,580.672,2034.6318,1170.86,356.65
6/22/2003,580.829,2049.466,1160.41,357.38
6/29/2003,580.899,2010.2154,1154.3,345.25
7/6/2003,581.006,2030.1495,1152.63,350.85
7/13/2003,581.102,2056.7572,1154.29,345.2
7/20/2003,581.172,2047.0555,1142.2,347.25
7/27/2003,581.26,2058.1724,1134.79,362.75
8/3/2003,581.376,2021.0646,1117.04,346.15
8/10/2003,581.481,2016.3304,1129.64,356.75
8/17/2003,581.597,2044.9647,1118.42,363.75
8/24/2003,581.691,2050.3015,1122.69,362.95
8/31/2003,581.803,2081.7895,1125.02,375.55
9/7/2003,581.964,2110.1694,1131.87,377.35
9/14/2003,582.057,2105.4531,1137.22,375.25
9/21/2003,582.174,2142.1825,1142.73,381.85
9/28/2003,582.32,2061.4583,1150.28,380.85
10/5/2003,582.442,2130.2095,1142.7,369.55
10/12/2003,582.559,2148.1829,1142.38,373.05
10/19/2003,582.67,2151.2802,1136.72,371.65
10/26/2003,582.74,2129.9667,1145.92,388.55
11/2/2003,582.827,2176.1028,1144.03,384.25
11/9/2003,582.962,2182.3923,1136.77,383.05
11/16/2003,583.079,2177.8302,1151.02,397.55
11/23/2003,583.207,2147.0346,1153.9,396.05
11/30/2003,583.318,2195.2143,1146.77,398.15
12/7/2003,583.458,2202.9752,1154.93,406.35
12/14/2003,583.557,2230.0123,1155.16,408.85
12/21/2003,583.68,2260.8673,1161.23,409.35
12/28/2003,583.797,2275.8809,1161.55,412.25
1/4/2004,583.908,2303.3504,1153.28,415.85
1/11/2004,584.06,2331.9624,1168.79,426.38
1/18/2004,584.142,2369.5858,1172.18,406.75
1/25/2004,584.282,2373.4026,1170.64,408.07
2/1/2004,584.355,2352.7307,1167.76,402.45
2/8/2004,584.445,2377.5229,1170.89,403.35
2/15/2004,584.574,2385.6583,1176.06,410.15
2/22/2004,584.668,2382.5992,1174.2,397.55
2/29/2004,584.78,2385.4092,1180.4,396.15
3/7/2004,584.854,2411.1186,1188.11,401.25
3/14/2004,584.966,2336.6134,1191.11,395.25
3/21/2004,585.107,2314.4461,1190.58,412.35
3/28/2004,585.189,2310.9002,1188.47,422.35
4/4/2004,585.288,2382.1424,1175.16,420.65
4/11/2004,585.417,2377.8108,1174,420.05
4/18/2004,585.535,2368.2056,1167.22,400.55
4/25/2004,585.623,2381.0276,1161.35,395.05
5/2/2004,585.763,2312.5515,1158.3,386.75
5/9/2004,585.799,2295.1674,1141.82,378.75
5/16/2004,586.051,2290.6371,1144.35,376.65
5/23/2004,586.169,2286.8947,1146.42,384.35
5/30/2004,586.221,2344.2495,1153.66,393.35
6/6/2004,586.228,2348.9039,1148.12,389.95
6/13/2004,586.275,2378.7155,1147.72,384.55
6/20/2004,586.498,2376.4173,1152.97,394.85
6/27/2004,586.551,2375.7474,1157.51,401.55
7/4/2004,586.775,2357.8188,1168.8,397.95
7/11/2004,587.028,2332.3159,1169.45,407.65
7/18/2004,587.116,2308.6824,1174.81,406.65
7/25/2004,587.257,2277.0847,1171.61,390.15
8/1/2004,587.332,2310.7451,1171.68,391.05
8/8/2004,587.527,2232.1737,1185.54,399.75
8/15/2004,587.674,2235.5497,1186.62,398.95
8/22/2004,587.851,2306.7678,1187.35,412.75
8/29/2004,587.986,2327.1924,1188.57,403.25
9/5/2004,588.098,2340.5976,1186.35,401.05
9/12/2004,588.264,2362.7905,1193.38,402.75
9/19/2004,588.382,2373.3374,1196.51,405.65
9/26/2004,588.659,2335.1189,1200.41,407.82
10/3/2004,588.872,2380.788,1194.2,419.46
10/10/2004,589.156,2362.3202,1198.82,422.77
10/17/2004,589.298,2333.2428,1203.52,418.8
10/24/2004,589.392,2307.279,1207.36,424.23
10/31/2004,589.576,2381.0234,1207.31,428.55
11/7/2004,589.663,2457.4471,1200.99,433.55
11/14/2004,589.876,2497.2936,1201.42,437.85
11/21/2004,590.083,2469.0019,1202.46,447.05
11/28/2004,590.267,2495.5357,1201.64,451.95
12/5/2004,590.486,2514.8064,1202.71,455.9
12/12/2004,590.724,2508.9421,1208.91,434.2
12/19/2004,591.097,2522.6382,1206.75,441.5
12/26/2004,591.37,2557.2415,1207.51,442.65
1/2/2005,591.637,2561.5912,1208.7,438.45
1/9/2005,591.81,2508.3049,1206.26,419.05
1/16/2005,592.042,2505.2722,1210.55,423.15
1/23/2005,592.393,2470.3123,1215.55,427.25
1/30/2005,592.512,2478.1833,1215.7,427
2/6/2005,592.857,2546.3055,1220,414.7
2/13/2005,593.054,2553.0224,1219.8,420.9
2/20/2005,593.269,2546.0862,1213.48,427.42
2/27/2005,593.507,2568.1683,1213.04,435.25
3/6/2005,593.806,2591.9613,1212.64,434.3
3/13/2005,594.116,2546.5881,1202.12,444.94
3/20/2005,594.403,2524.827,1203.14,439.35
3/27/2005,594.684,2486.2472,1197.78,424.88
4/3/2005,595.055,2490.2725,1205.44,426.25
4/10/2005,595.444,2508.8775,1203.93,427.1
4/17/2005,595.72,2427.3597,1213.97,424.9
4/24/2005,595.989,2447.8647,1216.75,434.6
5/1/2005,596.364,2459.0182,1219.18,434.39
5/8/2005,596.743,2490.5708,1216.87,426.2
5/15/2005,597.194,2455.6843,1222.59,420.4
5/22/2005,597.476,2531.7561,1223.51,417.65
5/29/2005,597.728,2552.7434,1228.25,420.45
6/5/2005,598.023,2547.7549,1234.27,422.45
6/12/2005,598.354,2552.9878,1230.96,427.05
6/19/2005,598.752,2594.0347,1230.74,437.65
6/26/2005,599.022,2540.5494,1239.51,439.95
7/3/2005,599.269,2547.777,1234.47,427.39
7/10/2005,599.686,2585.7398,1232.29,423.1
7/17/2005,599.946,2620.4846,1231,421.55
7/24/2005,600.224,2633.1386,1229.47,425
7/31/2005,600.688,2635.3484,1227.82,429.8
8/7/2005,600.898,2619.4341,1222.44,437.3
8/14/2005,601.292,2629.5664,1230.75,446.2
8/21/2005,601.728,2608.1879,1232.64,436.3
8/28/2005,602.133,2577.204,1234.44,437.7
9/4/2005,602.631,2606.4385,1244.03,444.4
9/11/2005,603.025,2657.2445,1239.7,449.2
9/18/2005,603.378,2650.6328,1233.87,459.75
9/25/2005,603.906,2602.8597,1234.79,463.25
10/2/2005,604.234,2632.4548,1230.74,469.3
10/9/2005,604.648,2563.2331,1230.13,474.85
10/16/2005,604.844,2543.741,1223.57,469.7
10/23/2005,605.252,2529.0964,1229.71,466.89
10/30/2005,605.728,2570.1378,1220.44,473.5
11/6/2005,606.057,2617.9818,1214.89,456.9
11/13/2005,606.501,2651.2704,1221.03,468.7
11/20/2005,606.98,2681.7867,1224.66,485.8
11/27/2005,607.482,2725.0842,1230.2,496.07
12/4/2005,607.916,2720.0324,1225.2,503.38
12/11/2005,608.45,2708.7345,1226.44,526.4
12/18/2005,608.947,2726.4209,1233.18,503.25
12/25/2005,609.511,2730.4508,1237.79,502.8
1/1/2006,609.793,2687.2869,1238.06,517
1/8/2006,610.07,2768.5237,1241.3,539.95
1/15/2006,610.378,2773.6989,1244.44,557.35
1/22/2006,610.932,2717.7495,1245.08,554.5
1/29/2006,611.382,2766.1491,1238.49,559.5
2/5/2006,611.913,2725.0999,1237.87,568.89
2/12/2006,612.37,2732.9196,1235.31,551
2/19/2006,612.901,2778.2248,1239.7,552.1
2/26/2006,613.371,2784.3529,1240.05,559.05
3/5/2006,613.947,2780.9459,1234.68,565.4
3/12/2006,614.468,2769.8276,1231.91,541.05
3/19/2006,614.995,2826.3958,1238.16,554.1
3/26/2006,615.498,2817.205,1239.02,560.13
4/2/2006,616.031,2800.3177,1230.05,583.65
4/9/2006,616.548,2803.0527,1225.88,588.85
4/16/2006,616.966,2789.8281,1222.79,603
4/23/2006,617.601,2838.1867,1227.39,633.98
4/30/2006,618.287,2837.9108,1227.82,654.42
5/7/2006,618.65,2871.4237,1225.96,683.8
5/14/2006,619.231,2798.7375,1221.72,714.8
5/21/2006,619.813,2747.5016,1229.14,657.6
5/28/2006,620.376,2776.8196,1230.01,653.7
6/4/2006,620.996,2795.6639,1234.79,638.2
6/11/2006,621.505,2718.6578,1235.35,607.45
6/18/2006,622.07,2717.9227,1227.38,581.15
6/25/2006,622.63,2703.4006,1221.68,583.05
7/2/2006,623.164,2759.8905,1229.11,615.85
7/9/2006,623.807,2750.9694,1230.69,629.25
7/16/2006,624.337,2687.8802,1235.44,664.15
7/23/2006,624.949,2697.1376,1238.76,619.75
7/30/2006,625.567,2781.0077,1244.87,634.75
8/6/2006,626.181,2784.1085,1251.6,646.5
8/13/2006,626.782,2758.6053,1248.71,632.55
8/20/2006,627.378,2837.3146,1257.84,614.9
8/27/2006,627.986,2822.2074,1260.64,622.52
9/3/2006,628.683,2858.7233,1265.66,625.45
9/10/2006,629.434,2833.0772,1265.35,610.8
9/17/2006,630.013,2879.8889,1264.42,579.34
9/24/2006,630.675,2869.5511,1276.71,589.6
10/1/2006,631.426,2916.1946,1275.91,598.3
10/8/2006,631.873,2947.7285,1273.64,574.1
10/15/2006,632.308,2983.2126,1268.65,590.4
10/22/2006,632.883,2990.1644,1271.99,591.5
10/29/2006,633.49,3009.7842,1279.63,599.95
11/5/2006,634.098,2982.8093,1279.04,627.4
11/12/2006,634.727,3020.6361,1287.73,628.55
11/19/2006,635.342,3066.9251,1288.97,621.7
11/26/2006,636.041,3067.1779,1292.87,638.2
12/3/2006,636.696,3059.8873,1301.88,645.6
12/10/2006,637.385,3089.7588,1295.79,625.15
12/17/2006,638.055,3128.3078,1294.74,615.35
12/24/2006,638.596,3093.9126,1294.53,621.01
12/31/2006,639.369,3111.2522,1291.71,636.7
1/7/2007,639.776,3092.9923,1297.32,607.4
1/14/2007,640.313,3140.4937,1291.25,627.2
1/21/2007,640.921,3140.382,1292.22,635.4
1/28/2007,641.536,3122.2922,1287.12,646
2/4/2007,642.145,3181.3658,1292.26,647.85
2/11/2007,642.749,3160.4834,1295.74,666.85
2/18/2007,643.347,3200.8286,1302.21,669.05
2/25/2007,643.964,3192.5613,1304.15,682.55
3/4/2007,644.66,3053.3451,1312.77,642.45
3/11/2007,645.339,3089.1925,1310.39,650.27
3/18/2007,646.038,3055.4859,1313.67,653.4
3/25/2007,646.619,3163.8936,1311.95,657.4
4/1/2007,647.356,3131.1263,1311.13,663.79
4/8/2007,647.815,3183.2199,1310.88,675
4/15/2007,648.542,3203.7313,1307.61,685.52
4/22/2007,649.237,3273.3995,1314.47,691.95
4/29/2007,649.886,3295.6332,1313.61,681.55
5/6/2007,650.549,3322.5369,1318.27,688.85
5/13/2007,651.226,3325.2131,1317.15,670.85
5/20/2007,651.904,3364.303,1311.15,661.75
5/27/2007,652.404,3349.2782,1309.1,656
6/3/2007,653.055,3396.5528,1304.59,671.75
6/10/2007,653.735,3334.415,1295.94,648.85
6/17/2007,654.54,3391.3345,1295.32,655.35
6/24/2007,655.121,3325.0689,1297.57,654.3
7/1/2007,655.609,3327.6534,1304.34,649.65
7/8/2007,655.974,3389.332,1295.97,655.9
7/15/2007,656.565,3438.7101,1301.78,666.9
7/22/2007,657.181,3398.4127,1309.25,683.4
7/29/2007,657.904,3232.5289,1314.59,661.2
8/5/2007,658.576,3176.4203,1320.4,673
8/12/2007,659.601,3223.9209,1316.52,672.8
8/19/2007,661.265,3208.7215,1322.04,657.8
8/26/2007,661.205,3283.508,1326.8,668.2
9/2/2007,661.838,3272.8168,1331.34,673.3
9/9/2007,662.379,3229.558,1345.29,700.8
9/16/2007,662.921,3298.9796,1339.68,707.6
9/23/2007,663.877,3392.1317,1336.79,731.5
9/30/2007,664.365,3395.1825,1341.44,743.6
10/7/2007,664.479,3465.5306,1340.04,742.7
10/14/2007,664.646,3475.4401,1339.63,749.85
10/21/2007,665.672,3339.7498,1356.28,765.2
10/28/2007,666.001,3417.0315,1358.04,785.2
11/4/2007,667.015,3361.7135,1362.8,807
11/11/2007,668.052,3239.4068,1361.78,832
11/18/2007,668.361,3252.7966,1365.3,786.3
11/25/2007,669.25,3213.3462,1372.65,823.8
12/2/2007,669.458,3307.6644,1377.83,783.55
12/9/2007,670.018,3362.4255,1366.74,794.8
12/16/2007,670.754,3281.1432,1364.59,794.87
12/23/2007,670.997,3319.6303,1371.42,811.8
12/30/2007,671.287,3307.1962,1377.34,840.5
1/6/2008,671.76,3158.3367,1394.34,859.6
1/13/2008,672.22,3136.1766,1398.08,895.4
1/20/2008,672.958,2966.987,1404.96,883.1
1/27/2008,674.06,2979.3119,1407.37,913.9
2/3/2008,674.574,3125.3558,1407.79,905.3
2/10/2008,674.581,2984.0317,1403.23,922.95
2/17/2008,674.791,3027.6936,1393.08,902.5
2/24/2008,675.13,3036.4602,1390.47,945.2
3/2/2008,675.726,2987.2571,1406.86,973.9
3/9/2008,676.595,2905.65,1391.63,973.2
3/16/2008,676.968,2895.1318,1401.33,1002.9
3/23/2008,677.233,2988.6739,1414.84,919.5
3/30/2008,677.179,2957.4642,1408.92,931.4
4/6/2008,677.254,3082.2953,1413.01,913.8
4/13/2008,677.743,2999.4157,1415.37,925.3
4/20/2008,677.872,3129.3255,1401.29,916.9
4/27/2008,678.103,3146.4341,1397.87,886.3
5/4/2008,677.797,3183.5453,1407.02,856.45
5/11/2008,677.763,3128.3323,1412.49,884.85
5/18/2008,677.804,3213.9341,1410.24,902.4
5/25/2008,677.96,3103.43,1410.58,925.1
6/1/2008,678.193,3159.6197,1398.38,886.5
6/8/2008,678.532,3072.3655,1402.59,902.25
6/15/2008,678.662,3071.9713,1379.47,871.55
6/22/2008,679.104,2977.7728,1390.39,902.3
6/29/2008,679.602,2889.5649,1396.35,927.8
7/6/2008,679.539,2855.3464,1395.65,933.3
7/13/2008,680.155,2804.0634,1400.51,964.2
7/20/2008,680.578,2852.51,1384.35,955
7/27/2008,680.387,2846.1278,1385.95,929.85
8/3/2008,680.632,2852.9015,1397.31,910.95
8/10/2008,680.899,2936.3791,1396.9,856.6
8/17/2008,680.94,2942.9122,1401.12,787.7
8/24/2008,681.364,2930.5043,1402.13,823.02
8/31/2008,681.636,2910.41,1409.36,831.15
9/7/2008,681.988,2820.1739,1418.02,803.5
9/14/2008,682.447,2843.0708,1421.93,765.5
9/21/2008,682.529,2851.7247,1405.88,873.55
9/28/2008,683.734,2756.9313,1397.06,878.75
10/5/2008,684.131,2499.3212,1399.24,835.58
10/12/2008,684.302,2045.9529,1371.6,850.1
10/19/2008,683.823,2140.3293,1363.05,783.35
10/26/2008,684.138,1995.7105,1372.79,734.7
11/2/2008,684.432,2205.8022,1357.61,723.85
11/9/2008,684.74,2122.4796,1378.6,736.65
11/16/2008,684.966,1992.7229,1380.23,742.1
11/23/2008,685.117,1826.6509,1384.74,800.45
11/30/2008,685.139,2047.5404,1401.8,818.05
12/7/2008,685.172,2002.9399,1414.75,756.45
12/14/2008,685.192,2012.4804,1427.85,822.4
12/21/2008,685.192,2031.4402,1452.02,838.25
12/28/2008,685.186,1998.455,1452.93,869.3
1/4/2009,685.192,2135.0886,1446.47,875.4
1/11/2009,685.151,2041.4446,1459.43,854.2
1/18/2009,685.096,1949.5927,1459.33,843.15
1/25/2009,685.158,1908.4305,1447.08,899.77
2/1/2009,685.093,1894.8895,1441.27,927.85
2/8/2009,685.04,1995.3636,1436.98,911.5
2/15/2009,685.123,1901.0407,1445.67,941.7
2/22/2009,685.212,1772.7139,1445.78,992.9
3/1/2009,685.256,1693.1241,1435.83,942.32
3/8/2009,685.416,1575.1364,1440.78,939.37
3/15/2009,685.437,1745.0632,1438.91,929.73
3/22/2009,685.471,1772.8882,1451.05,952.23
3/29/2009,685.581,1883.0359,1452.38,923.15
4/5/2009,685.492,1944.949,1449.82,893.15
4/12/2009,685.54,1978.8804,1454.04,881.65
4/19/2009,685.629,2009.3176,1459.68,868.85
4/26/2009,685.663,2002.0244,1460.68,912.83
5/3/2009,685.67,2028.5723,1460.9,886.55
5/10/2009,685.656,2149.2216,1464.67,916.65
5/17/2009,685.677,2044.3045,1475.24,931.77
5/24/2009,685.711,2055.2001,1470.29,957.35
5/31/2009,685.777,2130.4343,1473.36,979.17
6/7/2009,685.745,2180.0656,1454.46,955.33
6/14/2009,685.807,2195.5644,1460.67,939.3
6/21/2009,685.828,2137.9557,1465.97,934.02
6/28/2009,685.862,2133.4317,1481.57,939.6
7/5/2009,685.913,2081.7635,1486.16,932.5
7/12/2009,685.944,2042.9041,1499.16,913.05
7/19/2009,685.917,2185.6049,1487.03,937.5
7/26/2009,685.937,2276.445,1491.72,951.35
8/2/2009,685.972,2296.0966,1505.64,954
8/9/2009,685.999,2350.7951,1491.62,954.95
8/16/2009,686.047,2337.6579,1509.98,948.67
8/23/2009,686.095,2390.7754,1507.93,953.77
8/30/2009,686.136,2398.1955,1517.26,955.1
9/6/2009,686.184,2370.1176,1520.68,994.4
9/13/2009,686.198,2432.5671,1530.24,1005.3
9/20/2009,686.322,2492.7355,1527.29,1007.48
9/27/2009,686.329,2437.3291,1535.91,990.9
10/4/2009,686.349,2393.4345,1541.13,1002.75
10/11/2009,686.377,2502.9469,1535.72,1049.25
10/18/2009,686.404,2541.0289,1537.11,1053.55
10/25/2009,686.431,2522.7316,1536.93,1055.45
11/1/2009,686.46,2421.8433,1544.8,1045.45
11/8/2009,686.486,2500.668,1542.16,1095.2
11/15/2009,686.506,2558.823,1549.58,1118.65
11/22/2009,686.548,2555.5766,1554.41,1150.6
11/29/2009,686.534,2557.062,1563.74,1177.63
12/6/2009,686.568,2591.8371,1551.31,1161.42
12/13/2009,686.603,2594.239,1553.51,1115.38
12/20/2009,686.616,2585.27,1555.36,1113.2
12/27/2009,686.616,2642.2368,1540.63,1105.45
1/3/2010,686.589,2616.587,1540.34,1097.35
1/10/2010,686.616,2688.1652,1548.39,1138.22
1/17/2010,686.603,2667.5717,1559.18,1130.92
1/24/2010,686.623,2564.0769,1563.03,1093.22
1/31/2010,686.631,2522.4662,1563.87,1081.2
2/7/2010,686.621,2505.3611,1568.5,1066.25
2/14/2010,686.649,2529.6913,1560.42,1097.1
2/21/2010,686.662,2610.2639,1556.18,1119.2
2/28/2010,686.652,2600.5509,1569.71,1117.59
3/7/2010,686.634,2681.7439,1568.38,1134.89
3/14/2010,686.647,2710.2233,1570.45,1101.85
3/21/2010,686.654,2733.7518,1573.32,1107.05
3/28/2010,686.709,2749.9502,1566.09,1107.25
4/4/2010,686.682,2778.0321,1560.02,1123.8
4/11/2010,686.675,2817.8523,1566.37,1161.75
4/18/2010,686.723,2812.8666,1577.56,1137.41
4/25/2010,686.73,2872.438,1573.88,1157.72
5/2/2010,686.743,2801.0007,1584.1,1179.03
5/9/2010,686.812,2623.4028,1591.19,1208.4
5/16/2010,686.798,2683.6828,1596.03,1232.97
5/23/2010,686.805,2571.7343,1605.01,1177.08
5/30/2010,686.84,2577.3471,1597.43,1214.72
6/6/2010,686.907,2520.008,1605.54,1220.03
6/13/2010,687.01,2584.8494,1604.42,1226.58
6/20/2010,686.997,2646.7081,1607.7,1256.8
6/27/2010,686.983,2550.6639,1614.97,1255.67
7/4/2010,686.969,2423.3608,1621.09,1211.65
7/11/2010,687.003,2555.9167,1620.78,1211.71
7/18/2010,687.024,2525.284,1630.84,1193
7/25/2010,687.045,2615.4529,1630.98,1189.14
8/1/2010,687.054,2613.5222,1639.79,1181
8/8/2010,687.073,2662.4435,1644.4,1205.4
8/15/2010,687.087,2563.6632,1649.24,1215.42
8/22/2010,687.107,2546.9668,1653.28,1227.89
8/29/2010,687.128,2531.196,1651.41,1237.83
9/5/2010,687.142,2627.3264,1650.32,1246.55
9/12/2010,687.155,2640.1309,1645.93,1245.97
9/19/2010,687.176,2679.7495,1649.81,1274.17
9/26/2010,687.19,2735.165,1655.94,1296.63
10/3/2010,687.169,2730.3035,1662.76,1319.03
10/10/2010,687.224,2776.9502,1673.37,1346.85
10/17/2010,687.224,2803.5616,1664.13,1368.4
10/24/2010,687.258,2820.5949,1669.12,1328.55
10/31/2010,687.284,2821.6548,1668.58,1359.4
11/7/2010,687.314,2924.4417,1673.32,1393.63
11/14/2010,687.341,2862.9237,1660.07,1368.75
11/21/2010,687.328,2865.7944,1656.01,1353.63
11/28/2010,687.321,2842.1961,1655.93,1363.8
12/5/2010,687.348,2928.1724,1647.73,1414.08
12/12/2010,687.424,2966.8592,1633.72,1386.13
12/19/2010,687.438,2975.9472,1635.03,1375.38
12/26/2010,687.44,3007.8688,1631.7,1384.65
1/2/2011,687.451,3010.6097,1641.1,1421.4
1/9/2011,687.451,3045.5062,1641.36,1369.54
1/16/2011,687.451,3098.0092,1643.17,1361.85
1/23/2011,687.472,3074.8861,1639.12,1342.67
1/30/2011,687.506,3058.517,1645.59,1336.78
2/6/2011,687.527,3142.3238,1626.29,1348.92
2/13/2011,687.589,3188.2846,1626.28,1356.95
2/20/2011,687.63,3223.4302,1633.15,1389.99
2/27/2011,687.616,3169.6964,1644.53,1410.65
3/6/2011,687.651,3173.6,1643.64,1430.95
3/13/2011,687.74,3135.1989,1650.7,1417.65
3/20/2011,687.754,3075.2472,1657.26,1418.56
3/27/2011,687.775,3158.8496,1647.3,1429.88
4/3/2011,687.843,3204.6472,1647.88,1428.72
4/10/2011,687.885,3196.3358,1643.07,1474.91
4/17/2011,687.857,3176.3548,1656.61,1486.88
4/24/2011,687.891,3219.2664,1658.46,1507.04
5/1/2011,687.926,3283.2079,1668.95,1563.7
5/8/2011,687.96,3227.9613,1678.45,1495.58
5/15/2011,687.967,3224.4606,1679.32,1495.15
5/22/2011,687.967,3215.4873,1682.81,1512.22
5/29/2011,687.974,3211.9597,1688.75,1536.4
6/5/2011,687.994,3138.0154,1693.66,1542.28
6/12/2011,688.015,3068.515,1695.37,1531.27
6/19/2011,688.029,3071.5651,1695.31,1539.4
6/26/2011,688.036,3064.7007,1700.85,1502.55
7/3/2011,688.036,3238.334,1683.7,1487.42
7/10/2011,688.036,3249.8087,1697.03,1544.15
7/17/2011,688.015,3183.3446,1702.38,1593.6
7/24/2011,688.029,3254.1292,1701.41,1601.33
7/31/2011,687.99,3126.995,1712.53,1627.05
8/7/2011,688.124,2903.3994,1724.6,1663.95
8/14/2011,688.145,2855.8679,1740.21,1746.68
8/21/2011,688.145,2723.5988,1746.4,1852.07
8/28/2011,688.138,2853.6313,1736.42,1827.15
9/4/2011,688.165,2848.4974,1750.9,1882.95
9/11/2011,688.152,2801.4578,1754.07,1855.57
9/18/2011,688.165,2953.231,1745.11,1811.38
9/25/2011,688.152,2760.541,1756.99,1656.74
10/2/2011,688.158,2749.2312,1750.19,1623.79
10/9/2011,688.179,2809.9285,1739.38,1637.85
10/16/2011,688.152,2978.7792,1736.33,1680.95
10/23/2011,688.165,3012.7591,1741.35,1641.85
10/30/2011,688.179,3127.0445,1743.95,1743.42
11/6/2011,688.172,3050.4461,1758.59,1754.65
11/13/2011,688.159,3079.1311,1754.27,1788.63
11/20/2011,688.172,2963.6885,1754.46,1723.92
11/27/2011,688.172,2825.6992,1752.58,1683.52
12/4/2011,688.165,3036.6144,1754.03,1746.59
12/11/2011,688.165,3064.3816,1756.75,1711.47
12/18/2011,688.165,2978.9446,1767.84,1598.95
12/25/2011,688.165,3091.8704,1756.74,1606.88
1/1/2012,688.159,3073.9991,1769.79,1564.91
1/8/2012,688.179,3125.3156,1767.33,1617.09
1/15/2012,688.151,3153.416,1776.96,1638.91
1/22/2012,688.144,3218.4072,1768.11,1666.6
1/29/2012,688.151,3221.2338,1778.82,1738.95
2/5/2012,688.131,3292.6181,1777.68,1726.33
2/12/2012,688.11,3288.4895,1781.01,1721.85
2/19/2012,688.138,3337.0182,1778.3,1723.49
2/26/2012,688.131,3349.365,1782.09,1772.35
3/4/2012,688.192,3360.6831,1785.49,1712.45
3/11/2012,688.199,3365.3023,1781.37,1713.85
3/18/2012,688.186,3448.6323,1769.08,1659.97
3/25/2012,688.22,3431.5144,1772.95,1661.7
4/1/2012,688.235,3460.7155,1775.14,1668.15
4/8/2012,688.255,3437.5248,1785.02,1640.3
4/15/2012,688.248,3369.8301,1789.47,1658.38
4/22/2012,688.275,3390.4417,1791.08,1643.05
4/29/2012,688.255,3452.3142,1793.39,1662.85
5/6/2012,688.282,3369.1621,1798.98,1642.35
5/13/2012,688.282,3333.3445,1800.54,1579.35
5/20/2012,688.316,3192.4283,1804.09,1593.03
5/27/2012,688.323,3248.9062,1800.93,1573
6/3/2012,688.358,3152.7959,1816.25,1624
6/10/2012,688.365,3271.5498,1806.59,1593.4
6/17/2012,688.358,3315.4686,1811.9,1627.1
6/24/2012,688.399,3296.9337,1809.75,1572.42
7/1/2012,688.414,3365.4766,1811.77,1597.45
7/8/2012,688.44,3349.2001,1821.26,1583.85
7/15/2012,688.419,3354.9558,1828.15,1589.6
7/22/2012,688.46,3370.4365,1836.06,1584.53
7/29/2012,688.454,3428.5328,1830.47,1623.2
8/5/2012,688.543,3442.3441,1831.58,1603.55
8/12/2012,688.522,3482.0395,1830.06,1620.15
8/19/2012,688.536,3515.2958,1818.48,1616.4
8/26/2012,688.543,3498.8032,1828.83,1670.5
9/2/2012,688.564,3489.1281,1837.96,1691.85
9/9/2012,688.557,3568.536,1833.08,1735.85
9/16/2012,688.584,3639.3766,1825.83,1770.5
9/23/2012,688.612,3626.2704,1834.08,1773.1
9/30/2012,688.648,3579.2821,1840.49,1772.25
10/7/2012,688.659,3632.1233,1836.51,1780.7
10/14/2012,688.632,3552.7479,1843.4,1754.03
10/21/2012,688.659,3564.8871,1840.01,1721.75
10/28/2012,688.673,3512.1962,1839.56,1711.19
11/4/2012,688.728,3518.5946,1841.23,1678
11/11/2012,688.756,3436.9005,1847.32,1731.08
11/18/2012,688.817,3390.0568,1847.53,1713.72
11/25/2012,688.804,3513.9591,1841.95,1753
12/2/2012,688.817,3533.5659,1847.02,1714.97
12/9/2012,688.831,3540.7356,1846.72,1704.08
12/16/2012,688.928,3531.3363,1844.08,1696.15
12/23/2012,688.921,3573.9957,1842.75,1657.22
12/30/2012,688.948,3506.2094,1846.24,1655.7
1/6/2013,688.872,3667.0259,1836.38,1656.1
1/13/2013,688.88,3682.7064,1839.47,1662.97
1/20/2013,688.884,3718.1183,1840.16,1684.25
1/27/2013,688.909,3760.9621,1833.16,1658.65
2/3/2013,688.927,3788.0731,1829.97,1667.4
2/10/2013,688.928,3802.5462,1833.16,1667.25
2/17/2013,688.889,3810.1227,1832.38,1610.15
2/24/2013,688.895,3801.8005,1834.73,1581.15
3/3/2013,688.938,3810.0865,1842.17,1576.17
3/10/2013,688.973,3894.7905,1830.28,1578.97
3/17/2013,688.997,3920.6419,1835.18,1592.1
3/24/2013,689.024,3911.2804,1839.33,1608.55
3/31/2013,689.034,3943.7463,1842.14,1597.5
4/7/2013,689.061,3905.0241,1856.81,1581.25
4/14/2013,689.074,3996.4696,1856.14,1482.75
4/21/2013,689.097,3912.2455,1857.46,1403.79
4/28/2013,689.091,3981.0241,1861.17,1461.91
5/5/2013,689.118,4063.0783,1855.84,1470.75
5/12/2013,689.149,4115.5808,1848.36,1448.55
5/19/2013,689.157,4203.549,1844.56,1359.5
5/26/2013,689.155,4159.8589,1840.35,1386.63
6/2/2013,689.157,4113.7033,1827.58,1387.8
6/9/2013,689.162,4147.8712,1822.74,1382.97
6/16/2013,689.168,4107.7082,1826.38,1390.67
6/23/2013,689.179,4021.8851,1793.27,1296.42
6/30/2013,689.196,4058.4719,1799.31,1234.53
7/7/2013,689.248,4124.6095,1780.68,1223.14
7/14/2013,689.251,4248.6304,1794.43,1285.59
7/21/2013,689.261,4279.8081,1806.84,1296.03
7/28/2013,689.269,4278.9268,1803.45,1333.15
8/4/2013,689.256,4326.044,1801.89,1312.03
8/11/2013,689.246,4283.5584,1804.5,1314.46
8/18/2013,689.245,4196.267,1783.98,1376.57
8/25/2013,689.274,4217.0297,1784.68,1397.73
9/1/2013,689.288,4141.4159,1792.56,1395.27
9/8/2013,689.298,4199.5774,1777.13,1391.8
9/15/2013,689.301,4284.9782,1782.81,1326.16
9/22/2013,689.318,4341.4613,1800.23,1325.86
9/29/2013,689.32,4297.0114,1809.9,1336.88
10/6/2013,689.298,4295.3023,1808.5,1311.09
10/13/2013,689.081,4330.0262,1808.78,1272.2
10/20/2013,689.298,4435.8522,1818.79,1316.25
10/27/2013,689.319,4474.8569,1825.69,1350.62
11/3/2013,689.297,4480.5954,1818.96,1316.17
11/10/2013,689.318,4507.5109,1809.57,1288.5
11/17/2013,689.3,4580.2526,1817.19,1290.18
11/24/2013,689.319,4599.2331,1816.13,1243.8
12/1/2013,689.335,4603.7402,1817.33,1253.35
12/8/2013,689.385,4604.1256,1808.18,1229.1
12/15/2013,689.411,4530.2211,1810.73,1238.69
12/22/2013,689.402,4640.7744,1812.62,1203.23
12/29/2013,689.401,4701.5537,1805.42,1213.27
1/5/2014,689.429,4677.4071,1807.98,1236.97
1/12/2014,689.458,4707.0146,1820.01,1248.5
1/19/2014,689.478,4698.5088,1822.73,1254.05
1/26/2014,689.448,4575.5453,1828.54,1270.06
2/2/2014,689.471,4556.7856,1833.76,1244.55
2/9/2014,689.392,4597.6301,1836.2,1267.27
2/16/2014,689.475,4707.59,1833.27,1318.66
2/23/2014,689.48,4703.968,1834.65,1324.25
3/2/2014,689.475,4765.1899,1843.51,1326.39
3/9/2014,689.459,4815.296,1832.95,1339.97
3/16/2014,689.472,4723.0837,1843.31,1382.91
3/23/2014,689.478,4788.4513,1836.04,1334.69
3/30/2014,689.499,4767.2557,1840.83,1295.22
4/6/2014,689.514,4787.999,1842.68,1303.5
4/13/2014,689.517,4663.6441,1854.75,1318.41
4/20/2014,689.52,4790.2689,1847.06,1294.3
4/27/2014,689.527,4787.3503,1853.68,1303.25
5/4/2014,689.534,4833.854,1861.06,1299.69
5/11/2014,689.55,4831.631,1861.57,1288.9
5/18/2014,689.551,4833.2787,1870.02,1293.52
5/25/2014,689.543,4893.5789,1870.1,1292.61
6/1/2014,689.537,4954.3546,1877.03,1249.68
6/8/2014,689.557,5023.6736,1867.39,1253.22
6/15/2014,689.553,4991.7938,1867.45,1276.96
6/22/2014,689.576,5061.5691,1868.13,1314.82
6/29/2014,689.584,5058.3611,1876.16,1316.16
7/6/2014,689.599,5122.9798,1866.31,1320.55
7/13/2014,689.6,5079.3375,1877,1338.7
7/20/2014,689.602,5107.992,1878.25,1310.88
7/27/2014,689.592,5108.6709,1879.94,1307.22
8/3/2014,689.595,4972.7037,1877.75,1293.75
8/10/2014,689.613,4992.6658,1882.94,1309.58
8/17/2014,689.601,5056.6722,1891.33,1304.7
8/24/2014,689.617,5145.4017,1887.14,1281.1
8/31/2014,689.615,5186.4445,1893.97,1287.32
9/7/2014,689.625,5199.1292,1885.18,1268.81
9/14/2014,689.649,5144.7623,1873.04,1229.65
9/21/2014,689.65,5210.2036,1876.24,1215.7
9/28/2014,689.658,5140.3925,1880.4,1218.38
10/5/2014,689.643,5103.2997,1888.08,1191.42
10/12/2014,689.659,4945.7192,1899.96,1223.15
10/19/2014,689.627,4896.1007,1908.51,1238.32
10/26/2014,689.643,5098.8696,1903.64,1231.01
11/2/2014,689.651,5238.6044,1899.6,1172.93
11/9/2014,689.652,5279.1026,1901.06,1177.97
11/16/2014,689.653,5302.551,1900.82,1188.75
11/23/2014,689.661,5366.7538,1902.57,1201.55
11/30/2014,689.662,5379.4299,1913.08,1167.38
12/7/2014,689.663,5401.818,1902.92,1192.35
12/14/2014,689.672,5214.4913,1916.65,1222.59
12/21/2014,689.667,5393.5919,1911.42,1195.74
12/28/2014,689.646,5441.8424,1907.87,1196
1/4/2015,689.659,5364.4984,1919.31,1188.39
1/11/2015,689.676,5331.7549,1931.54,1223.24
1/18/2015,689.678,5266.4519,1940.79,1280.45
1/25/2015,689.686,5351.8084,1943.59,1294.08
2/1/2015,689.687,5204.5215,1955.02,1283.79
2/8/2015,689.695,5366.6634,1935.38,1234.04
2/15/2015,689.678,5479.2553,1930.84,1229.76
2/22/2015,689.691,5516.7047,1924.09,1201.94
3/1/2015,689.687,5503.6258,1936.64,1213.18
3/8/2015,689.682,5419.1119,1917.72,1167.29
3/15/2015,689.677,5375.5574,1928,1158.48
3/22/2015,689.686,5519.0697,1943.29,1182.54
3/29/2015,689.693,5397.5569,1943.39,1198.55
4/5/2015,689.69,5414.9809,1954.21,1206.91
4/12/2015,689.692,5509.195,1946.45,1207.6
4/19/2015,689.688,5455.1191,1954.95,1204.22
4/26/2015,689.693,5551.7813,1950.27,1179
5/3/2015,689.703,5528.3022,1932.34,1178.46
5/10/2015,689.705,5552.8843,1930.66,1188.39
5/17/2015,689.699,5574.1935,1931.33,1224.8
5/24/2015,689.707,5585.8279,1922.15,1206.21
5/31/2015,689.709,5538.8825,1933.98,1190.58
6/7/2015,689.702,5502.7923,1907.8,1171.94
6/14/2015,689.711,5509.5495,1908.7,1181.63
6/21/2015,689.725,5552.3475,1918.29,1200.27
6/28/2015,689.725,5531.8158,1900.97,1175.52
7/5/2015,689.718,5468.9743,1908.84,1168.7
7/12/2015,689.698,5470.4499,1906.79,1163.74
7/19/2015,689.708,5602.9882,1914.74,1134.14
7/26/2015,689.711,5480.4869,1920,1099.11
8/2/2015,689.693,5545.4768,1926.19,1095.8
8/9/2015,689.695,5480.2157,1927.35,1094.15
8/16/2015,689.725,5520.3506,1924.64,1115.08
8/23/2015,689.776,5205.0747,1935.92,1160.77
8/30/2015,689.79,5254.3641,1924.58,1133.6
9/6/2015,689.798,5078.0122,1929.86,1121.86
9/13/2015,689.785,5186.3994,1927.61,1107.95
9/20/2015,689.799,5179.8952,1934.26,1139.23
9/27/2015,689.813,5109.7617,1929.59,1146.2
10/4/2015,689.813,5165.7446,1942.76,1138.6
10/11/2015,689.798,5336.4369,1937.49,1156.53
10/18/2015,689.806,5385.808,1944.74,1177.3
10/25/2015,689.781,5498.2808,1942.97,1164.45
11/1/2015,689.763,5510.6336,1936.76,1142.11
11/8/2015,689.792,5567.0677,1921.29,1089.8
11/15/2015,689.818,5368.6531,1924.94,1083.91
11/22/2015,689.837,5547.8275,1927.84,1078.01
11/29/2015,689.797,5552.5091,1930.55,1057.45
12/6/2015,689.825,5559.0151,1928.15,1086.44
12/13/2015,689.828,5350.8569,1937.3,1074.77
12/20/2015,689.873,5334.3064,1930.46,1066.25
12/27/2015,689.931,5483.1231,1926.02,1076.1
1/3/2016,690.031,5439.3575,1925.4,1061.1
1/10/2016,690.027,5118.0977,1937.73,1104.15
1/17/2016,690.038,5007.9608,1944.16,1088.88
1/24/2016,690.005,5079.6655,1941.88,1097.95
1/31/2016,690.052,5169.4265,1951.89,1118.21
2/7/2016,690.158,5012.3366,1956.58,1173.4
2/14/2016,690.173,4976.3308,1959.73,1237.97
2/21/2016,690.22,5120.9628,1962.61,1226.81
2/28/2016,690.235,5204.2259,1963,1223.45
3/6/2016,690.296,5345.2351,1958.75,1258.95
3/13/2016,690.328,5408.707,1957.25,1249.45
3/20/2016,690.343,5482.8381,1972.23,1255.4
3/27/2016,690.401,5447.234,1971.46,1217.05
4/3/2016,690.514,5547.6075,1982.94,1222.6
4/10/2016,690.572,5483.6523,1990.4,1240.69
4/17/2016,690.6,5573.9376,1991.97,1233.99
4/24/2016,690.644,5603.5989,1983.47,1233.03
5/1/2016,690.722,5534.0435,1991.39,1293.53
5/8/2016,690.791,5515.6047,1994.72,1289
5/15/2016,690.702,5491.3874,2000.31,1273.45
5/22/2016,690.717,5510.7293,1987.85,1251.98
5/29/2016,690.763,5638.7012,1990.89,1212.38
6/5/2016,690.913,5640.9376,2004.15,1244.2
6/12/2016,690.945,5634.4501,2011.69,1274.24
6/19/2016,690.983,5571.0721,2012.7,1298.65
6/26/2016,691.008,5480.7755,2016.61,1315.75
7/3/2016,691.056,5660.0606,2031.96,1341.35
7/10/2016,691.093,5735.6128,2044.06,1366.33
7/17/2016,691.063,5822.0534,2028.2,1337.45
7/24/2016,691.103,5859.088,2030.84,1322.72
7/31/2016,691.236,5856.2358,2040.51,1351.28
8/7/2016,691.251,5884.7863,2029.93,1336
8/14/2016,691.284,5892.0029,2038.36,1335.97
8/21/2016,691.298,5895.7034,2034.68,1341.47
8/28/2016,691.345,5856.4841,2031.66,1321.17
9/4/2016,691.389,5889.2413,2035.14,1325.21
9/11/2016,691.44,5750.144,2027.38,1327.83
9/18/2016,691.545,5784.3052,2025.17,1310.35
9/25/2016,691.735,5853.6423,2035.78,1337.56
10/2/2016,691.7,5865.5718,2036.98,1315.87
10/9/2016,691.689,5830.2602,2026.58,1257.08
10/16/2016,691.759,5774.7914,2023.29,1251.03
10/23/2016,691.797,5798.3724,2029.88,1266.46
10/30/2016,691.846,5759.2581,2019.77,1275.47
11/6/2016,691.89,5650.6094,2024.64,1305.06
11/13/2016,691.779,5869.3135,1994.66,1227.64
11/20/2016,691.919,5921.8134,1974.22,1207.89
11/27/2016,691.945,6007.8557,1970.32,1183.56
12/4/2016,692.029,5953.4504,1971.84,1177.43
12/11/2016,692.054,6139.6275,1966.65,1159.86
12/18/2016,692.131,6137.8317,1954.59,1134.88
12/25/2016,692.191,6155.667,1963.42,1133.3
1/1/2017,692.288,6089.4896,1976.37,1147.5
1/8/2017,692.345,6196.7675,1979.81,1172.63
1/15/2017,692.406,6191.172,1983.7,1197.34
1/22/2017,692.489,6183.4066,1976.87,1210.33
1/29/2017,692.577,6247.7281,1977.6,1191.2
2/5/2017,692.65,6257.8381,1976.85,1220.3
2/12/2017,692.696,6312.5897,1985.53,1233.62
2/19/2017,692.787,6413.3143,1985.06,1234.6
2/26/2017,692.873,6460.3386,1997.37,1257.18
3/5/2017,692.669,6506.4029,1980.38,1234.81
3/12/2017,692.72,6480.3273,1969.37,1204.64
3/19/2017,692.817,6498.6593,1979.31,1229.26
3/26/2017,692.914,6406.0809,1991.18,1243.57
4/2/2017,693.001,6458.8809,1992.51,1249.19
4/9/2017,693.074,6443.1947,1995.74,1254.53
4/16/2017,693.185,6371.8455,2010.98,1285.69
4/23/2017,693.34,6427.1062,2011.04,1284.44
4/30/2017,693.466,6525.2204,2007.89,1268.28
5/7/2017,693.457,6568.3031,2003.26,1228.01
5/14/2017,693.656,6551.0296,2007.23,1228.43
5/21/2017,693.755,6530.2414,2016.8,1255.92
5/28/2017,693.905,6626.0137,2017.39,1266.76
6/4/2017,693.872,6692.7715,2027.23,1279.16
6/11/2017,693.948,6674.5954,2024.12,1266.76
6/18/2017,694.078,6682.347,2029.48,1253.73
6/25/2017,694.317,6697.3018,2032.99,1256.7
7/2/2017,694.4,6658.3396,2021.31,1241.61
7/9/2017,694.551,6667.6309,2013.89,1212.45
7/16/2017,694.742,6762.3259,2023.05,1228.7
7/23/2017,694.75,6800.2629,2034.31,1254.98
7/30/2017,694.972,6800.1718,2030.06,1269.64
8/6/2017,695.058,6815.9519,2033.38,1258.88
8/13/2017,695.239,6722.9105,2038.35,1289.31
8/20/2017,695.368,6683.7496,2039.82,1284.13
8/27/2017,695.546,6733.9248,2043.17,1291.35
9/3/2017,695.71,6830.0091,2044.52,1325.23
9/10/2017,695.826,6790.2003,2053.83,1346.6
9/17/2017,695.926,6900.974,2043.48,1320.18
9/24/2017,696.109,6907.1642,2040.42,1297.3
10/1/2017,696.238,6956.6549,2038.46,1279.75
10/8/2017,696.434,7043.6454,2035.35,1276.68
10/15/2017,696.575,7055.2847,2045.11,1303.82
10/22/2017,696.699,7117.6963,2035.91,1280.47
10/29/2017,696.849,7134.258,2033.79,1273.35
11/5/2017,696.911,7155.2344,2042.78,1269.91
11/12/2017,696.996,7145.0021,2034.69,1275.07
11/19/2017,697.158,7140.9265,2039.59,1292.41
11/26/2017,697.277,7207.5029,2043.38,1288.37
12/3/2017,697.494,7322.7745,2042.83,1280.62
12/10/2017,697.701,7351.2029,2042.43,1248.49
12/17/2017,697.788,7420.6854,2048.32,1256.44
12/24/2017,698.022,7443.0144,2035.93,1274.16
12/31/2017,698.215,7418.385,2046.37,1302.8
1/7/2018,698.375,7613.2553,2039.83,1319.59
1/14/2018,698.503,7735.9515,2036.17,1337.63
1/21/2018,698.709,7803.7725,2027.27,1331.84
1/28/2018,698.991,7978.1368,2026.96,1349.12
2/4/2018,699.13,7673.6196,2009.11,1333.39
2/11/2018,699.221,7281.9527,2007.17,1316.65
2/18/2018,699.388,7600.4696,2002.96,1346.95
2/25/2018,699.613,7644.2252,2002.87,1328.7
3/4/2018,699.788,7492.8857,2003.27,1322.75
3/11/2018,700.009,7761.564,2000.94,1323.93
3/18/2018,700.115,7668.6323,2005.4,1314.24
3/25/2018,700.407,7213.6563,2005.99,1347.33
4/1/2018,700.69,7361.9101,2016.48,1325.48
4/8/2018,700.958,7262.5124,2015.39,1333.03
4/15/2018,701.166,7410.8342,2011.83,1346.2
4/22/2018,701.352,7450.9153,1999.33,1336.36
4/29/2018,701.576,7450.9107,1999.46,1324
5/6/2018,701.872,7435.2082,1999.85,1314.5
5/13/2018,702.068,7620.1962,1999.69,1319.3
5/20/2018,702.287,7584.5604,1990.49,1293.04
5/27/2018,702.592,7609.6942,2005.31,1302.25
6/3/2018,702.786,7650.9128,2008.58,1293.4
6/10/2018,703.033,7777.7508,2004.07,1298.17
6/17/2018,703.259,7783.3579,2006.59,1278.94
6/24/2018,703.553,7715.4321,2006.38,1270.56
7/1/2018,703.859,7614.6684,2013.28,1252.6
7/8/2018,704.104,7733.5376,2018.09,1255.48
7/15/2018,704.34,7853.0344,2021.77,1244.32
7/22/2018,704.639,7856.1329,2016.27,1229.53
7/29/2018,704.896,7904.2555,2012.76,1224.22
8/5/2018,705.174,7967.4219,2015.66,1214.9
8/12/2018,705.403,7953.1157,2024.22,1210.57
8/19/2018,705.676,8005.7713,2023.86,1184.25
8/26/2018,705.951,8076.171,2029.13,1205.35
9/2/2018,706.233,8155.3951,2026.72,1201.15
9/9/2018,706.446,8075.3754,2017.69,1196.93
9/16/2018,706.718,8173.0261,2015.54,1194.85
9/23/2018,706.993,8243.5046,2010.28,1200.04
9/30/2018,707.318,8201.8138,2013.67,1190.88
10/7/2018,707.59,8124.2337,1994.67,1203.63
10/14/2018,707.823,7793.9726,2003.39,1217.05
10/21/2018,708.122,7797.472,1995.99,1226.49
10/28/2018,708.42,7490.7296,2006.83,1233.53
11/4/2018,708.741,7674.0068,1992.1,1232.89
11/11/2018,709.104,7843.7069,1997.14,1209.65
11/18/2018,709.382,7722.8572,2006.44,1223.36
11/25/2018,709.653,7431.9327,2006.99,1223.05
12/2/2018,709.995,7796.8938,2009.68,1220.52
12/9/2018,710.309,7441.8889,2026.85,1249.31
12/16/2018,710.574,7350.7975,2028.05,1239.02
12/23/2018,710.931,6834.1221,2037.24,1256.94
12/30/2018,711.209,7031.8508,2041.58,1280.71
1/6/2019,711.588,7165.4767,2050.97,1286.05
1/13/2019,711.874,7350.0499,2050.23,1290.25
1/20/2019,712.289,7562.9729,2046.35,1282.11
1/27/2019,712.575,7546.9282,2052.4,1305.25
2/3/2019,712.862,7668.854,2063.18,1317.98
2/10/2019,713.163,7677.2905,2071.09,1314.29
2/17/2019,713.543,7873.8998,2069.13,1322.49
2/24/2019,713.794,7925.3701,2071.35,1329.4
3/3/2019,714.131,7961.8761,2063.07,1293.44
3/10/2019,714.476,7792.9455,2077.11,1298.3
3/17/2019,714.813,8022.5969,2081.88,1302.4
3/24/2019,715.144,7962.4322,2099.93,1313.68
3/31/2019,715.567,8060.5742,2106.83,1292.38
4/7/2019,715.862,8228.8071,2100.6,1291.76
4/14/2019,716.186,8274.8341,2098.12,1290.43
4/21/2019,716.513,8269.2714,2099.43,1275.52
4/28/2019,716.833,8369.38,2107.33,1286.16
5/5/2019,717.15,8387.6438,2106.01,1279.11
5/12/2019,717.48,8211.3722,2112.58,1286.05
5/19/2019,717.851,8155.089,2119.58,1277.53
5/26/2019,718.276,8062.1765,2125.2,1284.93
6/2/2019,718.549,7853.9603,2144.78,1305.58
6/9/2019,719.009,8204.5745,2152.48,1340.86
6/16/2019,719.445,8247.6915,2152.94,1341.7
6/23/2019,719.816,8430.6832,2162.42,1399.63
6/30/2019,720.139,8407.4852,2171.71,1409.55
7/7/2019,720.302,8549.8701,2168.5,1399.45
7/14/2019,720.656,8620.2467,2163.87,1415.75
7/21/2019,721.032,8515.5672,2172.01,1425.37
7/28/2019,721.284,8657.3284,2171.34,1418.9
8/4/2019,721.649,8391.6381,2192.69,1440.83
8/11/2019,722.062,8357.9996,2205.23,1496.95
8/18/2019,722.501,8279.3036,2226.25,1513.52
8/25/2019,722.658,8161.84,2228.11,1526.96
9/1/2019,722.925,8393.2344,2232.89,1520.38
9/8/2019,723.192,8546.6894,2229.46,1506.82
9/15/2019,723.462,8634.1131,2192.49,1488.53
9/22/2019,723.816,8591.3956,2211.7,1516.9
9/29/2019,724.181,8506.8847,2219.97,1497.01
10/6/2019,724.592,8481.7475,2238.05,1504.66
10/13/2019,724.909,8538.1071,2215.03,1489.01
10/20/2019,725.131,8585.3647,2217.23,1490.05
10/27/2019,725.32,8690.9037,2213.86,1504.63
11/3/2019,725.727,8820.6285,2224.32,1514.34
11/10/2019,725.914,8902.4743,2204.91,1459
11/17/2019,726.098,8985.9255,2216.74,1468.21
11/24/2019,726.296,8959.7379,2223.16,1461.93
12/1/2019,726.486,9052.5499,2226.55,1463.98
12/8/2019,726.793,9071.2479,2221.67,1460.17
12/15/2019,726.992,9141.297,2228.17,1476.33
12/22/2019,727.165,9294.4356,2221.46,1478.22
12/29/2019,727.431,9350.0363,2228.08,1510.56
1/5/2020,727.698,9339.0524,2236.95,1552.2
1/12/2020,727.882,9430.4379,2234.99,1562.34
1/19/2020,728.101,9617.731,2236.24,1557.24
1/26/2020,728.301,9520.5609,2253.9,1571.53
2/2/2020,728.495,9321.0706,2267.82,1589.16
2/9/2020,728.688,9620.2403,2266.29,1570.44
2/16/2020,728.912,9778.7707,2266.91,1584.06
2/23/2020,729.107,9659.1363,2279.91,1643.41
3/1/2020,729.572,8553.7472,2308.64,1585.69
3/8/2020,730.982,8609.3456,2352.02,1673.83
3/15/2020,731.385,7858.1508,2277.54,1529.83
3/22/2020,731.753,6683.2433,2225.32,1498.65
3/29/2020,731.787,7370.2326,2284.4,1628.16
4/5/2020,731.713,7221.1737,2301.09,1620.81
4/12/2020,731.604,8098.192,2314.27,1696.65
4/19/2020,731.709,8346.2531,2330.43,1682.82
4/26/2020,731.724,8237.7733,2336.01,1729.6
5/3/2020,731.752,8221.9637,2333.13,1700.42
5/10/2020,731.742,8515.0728,2325.47,1702.7
5/17/2020,731.77,8327.6957,2333.18,1743.67
5/24/2020,731.785,8599.9042,2341.41,1734.68
5/31/2020,731.772,8861.23,2346.72,1730.27
6/7/2020,731.781,9300.5481,2335.21,1685.06
6/14/2020,731.813,8860.6481,2352.03,1730.75
6/21/2020,731.841,9027.5236,2356.75,1743.87
6/28/2020,731.861,8769.6568,2361.6,1771.29
7/5/2020,731.89,9126.2923,2364.38,1775.95
7/12/2020,731.937,9289.6438,2374.28,1798.7
7/19/2020,731.964,9407.6056,2379.84,1810.42
7/26/2020,731.988,9382.3364,2389.64,1902.02
8/2/2020,732.011,9546.9497,2396.78,1975.86
8/9/2020,732.044,9784.3397,2399.26,2035.55
8/16/2020,732.047,9852.1364,2377.51,1945.12
8/23/2020,732.057,9927.5291,2383.89,1940.48
8/30/2020,732.071,10254.5147,2371.84,1964.83
9/6/2020,732.091,10021.9206,2375.45,1933.94
9/13/2020,732.106,9772.3706,2381.36,1940.55
9/20/2020,732.138,9713.3237,2379.15,1950.86
9/27/2020,732.151,9653.8447,2377.03,1861.58
10/4/2020,732.166,9802.785,2374.95,1899.84
10/11/2020,732.167,10184.496,2370.83,1930.4
10/18/2020,732.191,10205.5369,2376.47,1899.29
10/25/2020,732.218,10153.048,2366.46,1902.05
11/1/2020,732.23,9582.5298,2365.52,1878.81
11/8/2020,732.254,10287.8029,2377.02,1951.35
11/15/2020,732.257,10515.5633,2373.73,1889.2
11/22/2020,732.304,10438.9452,2387.76,1870.99
11/29/2020,732.305,10678.8607,2387.01,1787.79
12/6/2020,732.314,10862.9639,2377.09,1838.86
12/13/2020,732.337,10760.0972,2385.33,1839.85
12/20/2020,732.337,10898.4392,2383.43,1881.35
12/27/2020,732.352,10881.9106,2386.81,1883.46
1/3/2021,732.376,11039.7602,2392.02,1898.67
1/10/2021,732.388,11246.4639,2369.46,1849.01
1/17/2021,732.397,11082.1821,2373.88,1828.45
1/24/2021,732.411,11299.0147,2374.15,1855.61
1/31/2021,732.445,10927.4038,2374.87,1847.65
2/7/2021,732.514,11437.6587,2365.54,1814.11
2/14/2021,732.485,11584.3529,2362.57,1824.23
2/21/2021,732.504,11505.9736,2349.07,1784.25
2/28/2021,732.507,11228.735,2340.58,1734.04
3/7/2021,732.512,11322.8635,2321.91,1700.64
3/14/2021,732.528,11627.1509,2311.98,1727.11
3/21/2021,732.564,11540.7174,2305.61,1745.23
3/28/2021,732.561,11723.1272,2313.67,1732.52
4/4/2021,732.549,11859.0331,2313.58,1728.87
4/11/2021,732.559,12185.743,2322.75,1743.88
4/18/2021,732.558,12354.9527,2330.78,1776.51
4/25/2021,732.564,12341.1428,2333.78,1777.2
5/2/2021,732.571,12345.9066,2329.61,1769.13
5/9/2021,732.582,12501.9162,2336.08,1831.24
5/16/2021,732.587,12333.5268,2327.41,1843.43
5/23/2021,732.581,12285.2556,2329.13,1881.25
5/30/2021,732.586,12432.1004,2337.22,1903.77
6/6/2021,732.579,12512.2008,2340.14,1891.59
6/13/2021,732.578,12566.0269,2351.15,1877.53
6/20/2021,732.541,12331.0255,2353.83,1764.16
6/27/2021,732.548,12671.0769,2344.13,1781.44
7/4/2021,732.564,12887.1398,2356.68,1787.3
7/11/2021,732.564,12941.4502,2363.88,1808.32
,,,,
